test,term,beta,p,n,real_beta,placebo_mean,placebo_sd,pct_gt_real
lead_placebo,share_aidtype_technical_cooperation_lead,-0.22962466473615503,0.16607562696709022,3542,,,,
pseudo_outcome_urban,share_aidtype_technical_cooperation,-2.231543935477646,0.15783075135661462,3608,,,,
pseudo_outcome_urban,share_aidtype_budget_support,-0.4036690407770589,0.3114485148174748,3608,,,,
pseudo_outcome_urban,share_aidtype_project,-0.2566016888702464,0.5331310095714956,3608,,,,
pseudo_outcome_urban,share_aidtype_pooled_earmarked,0.22160521235328015,0.8646168688696267,3608,,,,
pseudo_outcome_urban,share_aidtype_ngo_core,-0.5538051230275627,0.9114987107509336,3608,,,,
pseudo_outcome_urban,share_aidtype_scholarships_students,0.6894798855559049,0.6765413915823386,3608,,,,
pseudo_outcome_urban,share_aidtype_admin_refugee_awareness,-1.070164547010313,0.5837309273769693,3608,,,,
shuffle_placebo,share_aidtype_technical_cooperation,,,200,-0.20307998838150562,-0.002603090660206908,0.08283985835441501,0.02
