window,outcome,xset,term,beta,se,p,n,r2_within
w1_2,log_gdppc,aidtype,share_aidtype_technical_cooperation,-0.22421948176337048,0.17238514148690695,0.193447512360994,3804,0.17613381850145726
w1_2,log_gdppc,aidtype,share_aidtype_budget_support,-0.06987209463804861,0.05475230484080192,0.20198459305048932,3804,0.17613381850145726
w1_2,log_gdppc,aidtype,share_aidtype_project,0.021179211772279855,0.047398291106234315,0.6550209324379279,3804,0.17613381850145726
w1_2,log_gdppc,aidtype,share_aidtype_pooled_earmarked,-0.3564076803835799,0.21321535922534932,0.09469236900790845,3804,0.17613381850145726
w1_2,log_gdppc,aidtype,share_aidtype_ngo_core,-0.9943735348353987,0.5827736737903578,0.08804205548186994,3804,0.17613381850145726
w1_2,log_gdppc,aidtype,share_aidtype_scholarships_students,-0.08434887368147598,0.2667677622781558,0.7518777012333444,3804,0.17613381850145726
w1_2,log_gdppc,aidtype,share_aidtype_admin_refugee_awareness,-1.7052724681575453,0.5197680361835837,0.001044796679047888,3804,0.17613381850145726
w1_2,log_gdppc,channel,share_channel_public_recipient,0.19743100482103948,0.06732623301518537,0.003383995057387512,3804,0.30415572645116995
w1_2,log_gdppc,channel,share_channel_public_donor,-0.17125222128661938,0.13252902973544475,0.19637484692885532,3804,0.30415572645116995
w1_2,log_gdppc,channel,share_channel_ngo,-0.13286925497504543,0.29046547969369124,0.6473853543274193,3804,0.30415572645116995
w1_2,log_gdppc,channel,share_channel_multilateral,-0.1959321273543482,0.08801169693896949,0.026061591608115497,3804,0.30415572645116995
w1_2,log_gdppc,channel,share_channel_private_recipient,-0.31692540025658444,0.25354789250713555,0.2113937846419096,3804,0.30415572645116995
w1_2,log_gdppc,finance,share_finance_grant,0.027227776744497265,0.040391396211356664,0.5002916371439468,3804,0.2639393189298437
w1_2,log_gdppc,finance,share_finance_loan,0.12988400859906685,0.06636861318884348,0.05042284747242842,3804,0.2639393189298437
w1_2,log_gdppc,extra,share_tc_usd_irtc,0.07829646780543394,0.08158079100288619,0.3372492336811028,3804,0.27087290657634955
w1_2,log_gdppc,extra,share_untied,-0.04644059795546499,0.03163211147153619,0.14215081931867513,3804,0.27087290657634955
w1_2,gfcf_gdp,aidtype,share_aidtype_technical_cooperation,3.866443371998786,8.156052570029122,0.6354937606492126,3091,0.0053847622215768
w1_2,gfcf_gdp,aidtype,share_aidtype_budget_support,-1.4589306903900514,1.8757816987625624,0.43676618978792625,3091,0.0053847622215768
w1_2,gfcf_gdp,aidtype,share_aidtype_project,0.8074154202362175,1.3483180748200514,0.5493315209284773,3091,0.0053847622215768
w1_2,gfcf_gdp,aidtype,share_aidtype_pooled_earmarked,-7.904793459992598,6.067741425059264,0.19276010131892773,3091,0.0053847622215768
w1_2,gfcf_gdp,aidtype,share_aidtype_ngo_core,2.5378892132094477,17.170851697276067,0.8825090668023738,3091,0.0053847622215768
w1_2,gfcf_gdp,aidtype,share_aidtype_scholarships_students,5.608440549909725,6.554833514746416,0.39227850406754516,3091,0.0053847622215768
w1_2,gfcf_gdp,aidtype,share_aidtype_admin_refugee_awareness,-20.353896046514187,24.108404435174208,0.398589965090292,3091,0.0053847622215768
w1_2,gfcf_gdp,channel,share_channel_public_recipient,3.307567351806011,2.036321636711411,0.10442245249414928,3091,0.018884270773647738
w1_2,gfcf_gdp,channel,share_channel_public_donor,-1.957747736046378,4.108514618267247,0.6337467028051802,3091,0.018884270773647738
w1_2,gfcf_gdp,channel,share_channel_ngo,3.6278882245526938,5.049650680697321,0.47254119762400015,3091,0.018884270773647738
w1_2,gfcf_gdp,channel,share_channel_multilateral,-6.910702822540168,2.7737788350777226,0.012777551509194573,3091,0.018884270773647738
w1_2,gfcf_gdp,channel,share_channel_private_recipient,6.29103355668233,4.597295463523072,0.17128535770480458,3091,0.018884270773647738
w1_2,gfcf_gdp,finance,share_finance_grant,0.07462606118927996,1.5664204938368298,0.9620054851239255,3091,-0.029108097775284225
w1_2,gfcf_gdp,finance,share_finance_loan,1.6184038130470484,1.8076671497719368,0.3707003559411466,3091,-0.029108097775284225
w1_2,gfcf_gdp,extra,share_tc_usd_irtc,-0.4824691307117338,2.1241338115435013,0.8203331304044568,3091,-0.017096010675019757
w1_2,gfcf_gdp,extra,share_untied,0.22532681563067222,0.8837178745957144,0.7987595354458212,3091,-0.017096010675019757
w1_2,manf_gdp,aidtype,share_aidtype_technical_cooperation,-4.876637567934817,2.7161082972499133,0.07267533380770574,3406,0.05098626234392545
w1_2,manf_gdp,aidtype,share_aidtype_budget_support,-0.19888548220894972,0.7278297447309311,0.7846721600340973,3406,0.05098626234392545
w1_2,manf_gdp,aidtype,share_aidtype_project,-0.3143755644007756,0.5793977879725584,0.5874493841361974,3406,0.05098626234392545
w1_2,manf_gdp,aidtype,share_aidtype_pooled_earmarked,-0.6101569405993263,3.056134577696453,0.8417669603183713,3406,0.05098626234392545
w1_2,manf_gdp,aidtype,share_aidtype_ngo_core,4.9518342593454685,7.245462139537356,0.4943782094034459,3406,0.05098626234392545
w1_2,manf_gdp,aidtype,share_aidtype_scholarships_students,-3.224426012207723,4.815028701982012,0.5031231868775099,3406,0.05098626234392545
w1_2,manf_gdp,aidtype,share_aidtype_admin_refugee_awareness,2.4163014803322884,9.473878490099535,0.7987016196066197,3406,0.05098626234392545
w1_2,manf_gdp,channel,share_channel_public_recipient,0.9858442528706437,0.9984992817808404,0.32355671082223525,3406,-0.08517646700977277
w1_2,manf_gdp,channel,share_channel_public_donor,0.4025992287991914,1.6320670442416405,0.8051710966090859,3406,-0.08517646700977277
w1_2,manf_gdp,channel,share_channel_ngo,-0.08091857751097815,2.4748848987422796,0.9739191142627632,3406,-0.08517646700977277
w1_2,manf_gdp,channel,share_channel_multilateral,1.4753296285967392,0.9513368833756654,0.12104834829135092,3406,-0.08517646700977277
w1_2,manf_gdp,channel,share_channel_private_recipient,-0.5462104259217923,3.0645663648597297,0.8585502397633089,3406,-0.08517646700977277
w1_2,manf_gdp,finance,share_finance_grant,-0.9881126239216999,0.7334103479273177,0.17798279123327476,3406,0.010789446173700812
w1_2,manf_gdp,finance,share_finance_loan,0.19712574495338817,0.7767474321031743,0.7996788714239651,3406,0.010789446173700812
w1_2,manf_gdp,extra,share_tc_usd_irtc,-0.4673489920729072,1.562617726339852,0.7648975733860306,3406,0.005816126446087089
w1_2,manf_gdp,extra,share_untied,-0.661137418365257,0.39585450901950103,0.09498583653294301,3406,0.005816126446087089
w1_2,tax_gdp,aidtype,share_aidtype_technical_cooperation,6.7999957065920436,9.020411622051101,0.45103392738516446,2077,0.04211388485825829
w1_2,tax_gdp,aidtype,share_aidtype_budget_support,5.544141092291992,7.380376266366821,0.4526235899552089,2077,0.04211388485825829
w1_2,tax_gdp,aidtype,share_aidtype_project,2.332956155118132,3.400358370362394,0.492737886837292,2077,0.04211388485825829
w1_2,tax_gdp,aidtype,share_aidtype_pooled_earmarked,-59.1824247911165,65.18201125739667,0.36401449065888625,2077,0.04211388485825829
w1_2,tax_gdp,aidtype,share_aidtype_ngo_core,2.855632733093819,22.587948083976425,0.8994103718055815,2077,0.04211388485825829
w1_2,tax_gdp,aidtype,share_aidtype_scholarships_students,-14.1812672781017,12.075864495386824,0.24040039445968064,2077,0.04211388485825829
w1_2,tax_gdp,aidtype,share_aidtype_admin_refugee_awareness,-42.933727002690375,34.41823519560422,0.21239757218182564,2077,0.04211388485825829
w1_2,tax_gdp,channel,share_channel_public_recipient,-1.0521701716665202,3.9515880442410514,0.7900633962730468,2077,0.05995345129906815
w1_2,tax_gdp,channel,share_channel_public_donor,0.5748703175942973,3.4555289465678367,0.8678890998198014,2077,0.05995345129906815
w1_2,tax_gdp,channel,share_channel_ngo,-13.883969305152593,17.935290863809186,0.43895768217991926,2077,0.05995345129906815
w1_2,tax_gdp,channel,share_channel_multilateral,-49.73485754829797,53.57766865606463,0.35338031749262067,2077,0.05995345129906815
w1_2,tax_gdp,channel,share_channel_private_recipient,-14.355798834769447,18.728862529289476,0.4434684079416238,2077,0.05995345129906815
w1_2,tax_gdp,finance,share_finance_grant,-8.90102517448721,12.50472110156998,0.4766661934797449,2077,0.020906701268439742
w1_2,tax_gdp,finance,share_finance_loan,-10.231817883107784,14.319160141917859,0.47497057590152636,2077,0.020906701268439742
w1_2,tax_gdp,extra,share_tc_usd_irtc,-15.828256052573206,16.273519205219376,0.3308542979297304,2077,0.02615417529828723
w1_2,tax_gdp,extra,share_untied,13.190737416470999,13.541936425609892,0.33014548364755014,2077,0.02615417529828723
w1_2,elec_access,aidtype,share_aidtype_technical_cooperation,7.127370080569575,11.855334830652916,0.5477486338229793,3704,0.3902271951487424
w1_2,elec_access,aidtype,share_aidtype_budget_support,0.8342715999040035,1.8912626657713425,0.6591540004625531,3704,0.3902271951487424
w1_2,elec_access,aidtype,share_aidtype_project,-0.5836769067281772,1.4734410263744817,0.6920317318004208,3704,0.3902271951487424
w1_2,elec_access,aidtype,share_aidtype_pooled_earmarked,4.463485821751941,11.015407383424929,0.685352227952075,3704,0.3902271951487424
w1_2,elec_access,aidtype,share_aidtype_ngo_core,-31.171004135883823,20.361779757579228,0.12589404269875137,3704,0.3902271951487424
w1_2,elec_access,aidtype,share_aidtype_scholarships_students,-8.474498539284818,6.689081853380575,0.20526931424127115,3704,0.3902271951487424
w1_2,elec_access,aidtype,share_aidtype_admin_refugee_awareness,-56.40180864783484,27.59774807605842,0.04105629132478272,3704,0.3902271951487424
w1_2,elec_access,channel,share_channel_public_recipient,-0.11124048071090833,4.450500446454966,0.9800603251857909,3704,0.29902209829648485
w1_2,elec_access,channel,share_channel_public_donor,-9.73602631523482,6.533731990600583,0.13628279332041537,3704,0.29902209829648485
w1_2,elec_access,channel,share_channel_ngo,-4.835382157000157,8.771439588069054,0.5814873560394478,3704,0.29902209829648485
w1_2,elec_access,channel,share_channel_multilateral,-8.49411142490786,4.57689214288792,0.06355556617544655,3704,0.29902209829648485
w1_2,elec_access,channel,share_channel_private_recipient,-18.654213350511817,7.006166206483172,0.007790478123591127,3704,0.29902209829648485
w1_2,elec_access,finance,share_finance_grant,-2.7212185662363315,1.0231672168451396,0.007858613887033794,3704,0.42404216979087217
w1_2,elec_access,finance,share_finance_loan,3.6334083703976563,1.9349899880251853,0.060499058073954615,3704,0.42404216979087217
w1_2,elec_access,extra,share_tc_usd_irtc,6.346870356637978,9.594450044780736,0.5083254006387632,3704,0.4249205823472916
w1_2,elec_access,extra,share_untied,-0.44270241984164677,0.9633838328732615,0.6458829035778153,3704,0.4249205823472916
w3_5,log_gdppc,aidtype,share_aidtype_technical_cooperation,-0.20307998838150562,0.17734715098760426,0.25224976685461464,3538,0.13046843761542548
w3_5,log_gdppc,aidtype,share_aidtype_budget_support,-0.0672926540164928,0.05451620867846679,0.21715484992415268,3538,0.13046843761542548
w3_5,log_gdppc,aidtype,share_aidtype_project,0.03029173444597874,0.03977246187366377,0.44633675695663855,3538,0.13046843761542548
w3_5,log_gdppc,aidtype,share_aidtype_pooled_earmarked,-0.37065437363346065,0.1892854103280947,0.05029178239852894,3538,0.13046843761542548
w3_5,log_gdppc,aidtype,share_aidtype_ngo_core,-0.9647678333016831,0.5378458997010647,0.07294088207966376,3538,0.13046843761542548
w3_5,log_gdppc,aidtype,share_aidtype_scholarships_students,-0.22806219996204993,0.2151189615099105,0.2891443927994539,3538,0.13046843761542548
w3_5,log_gdppc,aidtype,share_aidtype_admin_refugee_awareness,-2.585335730342717,0.5565210233705732,3.5220623235687754e-06,3538,0.13046843761542548
w3_5,log_gdppc,channel,share_channel_public_recipient,0.2529560533310014,0.0713272694703608,0.000395836570844299,3538,0.3504924082573314
w3_5,log_gdppc,channel,share_channel_public_donor,-0.1451734766361738,0.09618232422362026,0.1313014278421749,3538,0.3504924082573314
w3_5,log_gdppc,channel,share_channel_ngo,-0.08959286380137539,0.2917039688381104,0.758758670207111,3538,0.3504924082573314
w3_5,log_gdppc,channel,share_channel_multilateral,-0.08430811511542861,0.08543142251069175,0.32378646549982326,3538,0.3504924082573314
w3_5,log_gdppc,channel,share_channel_private_recipient,-0.16982755586200762,0.25412084074815594,0.5039914708344946,3538,0.3504924082573314
w3_5,log_gdppc,finance,share_finance_grant,0.02831329979904687,0.03331389089480603,0.39544403426654595,3538,0.2439835976923609
w3_5,log_gdppc,finance,share_finance_loan,0.0969059049010864,0.05759380955907777,0.09255008302501988,3538,0.2439835976923609
w3_5,log_gdppc,extra,share_tc_usd_irtc,-0.10284890359177497,0.16028766357372384,0.5211428113430601,3538,0.2500756157125449
w3_5,log_gdppc,extra,share_untied,-0.035569359517787245,0.030083018102443796,0.23714104964778393,3538,0.2500756157125449
w3_5,gfcf_gdp,aidtype,share_aidtype_technical_cooperation,-0.6380903019990157,7.613968070419988,0.9332173873572942,2913,-0.13954027540915526
w3_5,gfcf_gdp,aidtype,share_aidtype_budget_support,-2.5455963886635473,1.9298197093272258,0.1872503736324609,2913,-0.13954027540915526
w3_5,gfcf_gdp,aidtype,share_aidtype_project,-1.7564646074679744,1.8175366034069458,0.3339297105158021,2913,-0.13954027540915526
w3_5,gfcf_gdp,aidtype,share_aidtype_pooled_earmarked,-9.413911580506445,7.004223796300287,0.17904829527388189,2913,-0.13954027540915526
w3_5,gfcf_gdp,aidtype,share_aidtype_ngo_core,16.082260439490575,18.857157378888463,0.3938186306486817,2913,-0.13954027540915526
w3_5,gfcf_gdp,aidtype,share_aidtype_scholarships_students,0.05813892588188636,6.971658584395192,0.9933468627801534,2913,-0.13954027540915526
w3_5,gfcf_gdp,aidtype,share_aidtype_admin_refugee_awareness,-20.56562134550891,24.63850238971044,0.40396218863941646,2913,-0.13954027540915526
w3_5,gfcf_gdp,channel,share_channel_public_recipient,2.732264673960676,2.178442116829956,0.20986528620173628,2913,-0.012110952797586672
w3_5,gfcf_gdp,channel,share_channel_public_donor,-1.6573430440049295,3.140319763624337,0.5977066812830016,2913,-0.012110952797586672
w3_5,gfcf_gdp,channel,share_channel_ngo,2.579748490153753,4.290296030215857,0.5476906710224827,2913,-0.012110952797586672
w3_5,gfcf_gdp,channel,share_channel_multilateral,-5.4893237512615,2.9393249931475514,0.06193152660881429,2913,-0.012110952797586672
w3_5,gfcf_gdp,channel,share_channel_private_recipient,9.871458499241726,4.53467033972254,0.029573739800905274,2913,-0.012110952797586672
w3_5,gfcf_gdp,finance,share_finance_grant,-3.88956548473672,2.2231403738478646,0.08030175297570463,2913,-0.03707852394863509
w3_5,gfcf_gdp,finance,share_finance_loan,-2.6173215167414874,2.4846977792249243,0.2922608800664015,2913,-0.03707852394863509
w3_5,gfcf_gdp,extra,share_tc_usd_irtc,5.43310222688391,4.543516147884214,0.23188036855416305,2913,-0.025967852794505752
w3_5,gfcf_gdp,extra,share_untied,0.5840139163664536,0.9648839463757785,0.545050366843209,2913,-0.025967852794505752
w3_5,manf_gdp,aidtype,share_aidtype_technical_cooperation,-4.344531520542544,2.8398319973978756,0.1261565007652694,3215,0.02027796739189114
w3_5,manf_gdp,aidtype,share_aidtype_budget_support,-0.4661411588919109,0.6345693403784245,0.4626526601848999,3215,0.02027796739189114
w3_5,manf_gdp,aidtype,share_aidtype_project,-0.3641276443944064,0.5579228462340123,0.5140320372225808,3215,0.02027796739189114
w3_5,manf_gdp,aidtype,share_aidtype_pooled_earmarked,-1.0698357049098062,3.219916346447254,0.7397190304545207,3215,0.02027796739189114
w3_5,manf_gdp,aidtype,share_aidtype_ngo_core,10.054534392213867,9.572138463255486,0.2936195412163145,3215,0.02027796739189114
w3_5,manf_gdp,aidtype,share_aidtype_scholarships_students,-1.2424241692556897,4.591225198531906,0.7867105700969528,3215,0.02027796739189114
w3_5,manf_gdp,aidtype,share_aidtype_admin_refugee_awareness,4.264731923785461,11.127387183997614,0.701550458878391,3215,0.02027796739189114
w3_5,manf_gdp,channel,share_channel_public_recipient,0.7297117261403789,1.10385991064704,0.5086272621278181,3215,-0.09946679122338375
w3_5,manf_gdp,channel,share_channel_public_donor,0.3665789802509008,1.623360197339814,0.8213605092331364,3215,-0.09946679122338375
w3_5,manf_gdp,channel,share_channel_ngo,-1.2302749562802684,2.4583027282395444,0.6167894399621021,3215,-0.09946679122338375
w3_5,manf_gdp,channel,share_channel_multilateral,2.1414484618837717,1.027394014140336,0.037211489056707014,3215,-0.09946679122338375
w3_5,manf_gdp,channel,share_channel_private_recipient,-1.005311420036176,3.134700791181803,0.7484566339107088,3215,-0.09946679122338375
w3_5,manf_gdp,finance,share_finance_grant,-0.36595289462724334,0.6157673861043615,0.5523530338645335,3215,-0.021844784572109255
w3_5,manf_gdp,finance,share_finance_loan,0.6620937986935845,0.7574124035877353,0.3821041620542194,3215,-0.021844784572109255
w3_5,manf_gdp,extra,share_tc_usd_irtc,-1.3782947456970491,1.463995194795959,0.3465431221079047,3215,-0.03100790222390537
w3_5,manf_gdp,extra,share_untied,-0.3968622521908837,0.3888441882778667,0.30751536522861844,3215,-0.03100790222390537
w3_5,tax_gdp,aidtype,share_aidtype_technical_cooperation,-17.55197786140964,13.914546295522824,0.20731442606963713,2053,0.03288625711587734
w3_5,tax_gdp,aidtype,share_aidtype_budget_support,4.438095989229983,6.492971851891716,0.49435929169919923,2053,0.03288625711587734
w3_5,tax_gdp,aidtype,share_aidtype_project,0.8828745864598266,3.981439807051387,0.8245341047284056,2053,0.03288625711587734
w3_5,tax_gdp,aidtype,share_aidtype_pooled_earmarked,-29.06361946361973,28.80633032633207,0.31313519291640324,2053,0.03288625711587734
w3_5,tax_gdp,aidtype,share_aidtype_ngo_core,-5.782247861523463,40.30157656428626,0.8859305969857836,2053,0.03288625711587734
w3_5,tax_gdp,aidtype,share_aidtype_scholarships_students,-12.471286969541172,11.678342680738668,0.28570116041177873,2053,0.03288625711587734
w3_5,tax_gdp,aidtype,share_aidtype_admin_refugee_awareness,-38.354596019324404,39.19637246568393,0.3279390872345034,2053,0.03288625711587734
w3_5,tax_gdp,channel,share_channel_public_recipient,-1.6171312610767896,4.628949507992781,0.7268637796244892,2053,0.03988275964617838
w3_5,tax_gdp,channel,share_channel_public_donor,-5.96090570027607,4.752247845151703,0.20987397593989265,2053,0.03988275964617838
w3_5,tax_gdp,channel,share_channel_ngo,-9.171635335763636,14.472451966167334,0.5263324674880827,2053,0.03988275964617838
w3_5,tax_gdp,channel,share_channel_multilateral,-35.869692460264446,37.520888250402834,0.3391968141728241,2053,0.03988275964617838
w3_5,tax_gdp,channel,share_channel_private_recipient,-10.27937714232444,13.508927524216265,0.44679143104302854,2053,0.03988275964617838
w3_5,tax_gdp,finance,share_finance_grant,-7.443395154612266,11.179980118768,0.5056326017186215,2053,0.02009470151236248
w3_5,tax_gdp,finance,share_finance_loan,-8.449833531776372,12.902387885729356,0.512607813783239,2053,0.02009470151236248
w3_5,tax_gdp,extra,share_tc_usd_irtc,-14.67783796763289,15.754003440308683,0.3516145092783991,2053,0.02276030600517487
w3_5,tax_gdp,extra,share_untied,7.6234008480311966,8.038973853080451,0.34309374688751904,2053,0.02276030600517487
w3_5,elec_access,aidtype,share_aidtype_technical_cooperation,6.805406210524365,15.38127558109442,0.6581935902896561,3575,0.40885824822969863
w3_5,elec_access,aidtype,share_aidtype_budget_support,-1.6865255329199706,1.7814177098491715,0.343842529152824,3575,0.40885824822969863
w3_5,elec_access,aidtype,share_aidtype_project,-0.560240777478095,1.460612609918458,0.7013244096084383,3575,0.40885824822969863
w3_5,elec_access,aidtype,share_aidtype_pooled_earmarked,2.208623678104008,9.732079323772618,0.82048199627015,3575,0.40885824822969863
w3_5,elec_access,aidtype,share_aidtype_ngo_core,-14.595082180343605,28.842862722224034,0.6128750072777047,3575,0.40885824822969863
w3_5,elec_access,aidtype,share_aidtype_scholarships_students,-8.491483427005024,7.1817271761087556,0.23714023888900315,3575,0.40885824822969863
w3_5,elec_access,aidtype,share_aidtype_admin_refugee_awareness,-57.12467374227883,27.6547839153465,0.03893861663206932,3575,0.40885824822969863
w3_5,elec_access,channel,share_channel_public_recipient,0.7718885874152512,4.500032546311287,0.863817593720235,3575,0.36569590106081495
w3_5,elec_access,channel,share_channel_public_donor,-6.7959146060639855,6.691162532743222,0.3098657923058892,3575,0.36569590106081495
w3_5,elec_access,channel,share_channel_ngo,-2.732621165917973,9.364457782147367,0.7704514268745855,3575,0.36569590106081495
w3_5,elec_access,channel,share_channel_multilateral,-6.933716267518233,4.799077323999286,0.14860561977465037,3575,0.36569590106081495
w3_5,elec_access,channel,share_channel_private_recipient,-18.878911036135456,7.551077981446424,0.012460402078209754,3575,0.36569590106081495
w3_5,elec_access,finance,share_finance_grant,0.06269649202689259,2.1727360381863945,0.9769811213122026,3575,0.43860677932668357
w3_5,elec_access,finance,share_finance_loan,5.545334645599284,2.578949877739815,0.0316072577944575,3575,0.43860677932668357
w3_5,elec_access,extra,share_tc_usd_irtc,-2.223148420020513,13.10879815959036,0.8653410215885844,3575,0.44238240859708744
w3_5,elec_access,extra,share_untied,-0.6371164355075108,1.0772001212195363,0.5542542150948138,3575,0.44238240859708744
w6_10,log_gdppc,aidtype,share_aidtype_technical_cooperation,-0.5269919858554301,0.2753457795910948,0.055725310105294135,3143,-0.04007144719907951
w6_10,log_gdppc,aidtype,share_aidtype_budget_support,-0.006915735505790615,0.05382519749403182,0.8977737879477019,3143,-0.04007144719907951
w6_10,log_gdppc,aidtype,share_aidtype_project,-0.0029200249862838886,0.03761040441920367,0.9381206393972414,3143,-0.04007144719907951
w6_10,log_gdppc,aidtype,share_aidtype_pooled_earmarked,-0.4948006413100558,0.2015181969130515,0.014131063670920208,3143,-0.04007144719907951
w6_10,log_gdppc,aidtype,share_aidtype_ngo_core,-0.23869344531105235,0.5499206445200794,0.6642831251495394,3143,-0.04007144719907951
w6_10,log_gdppc,aidtype,share_aidtype_scholarships_students,-0.4218997671890589,0.20848074282912704,0.04309168568685884,3143,-0.04007144719907951
w6_10,log_gdppc,aidtype,share_aidtype_admin_refugee_awareness,-2.859767130915974,0.4469144967777662,1.8118018196844332e-10,3143,-0.04007144719907951
w6_10,log_gdppc,channel,share_channel_public_recipient,0.3356130903448698,0.07981009466255673,2.6861501285502243e-05,3143,0.3318559719294305
w6_10,log_gdppc,channel,share_channel_public_donor,-0.0986463900957497,0.07382846040892749,0.18160029406325195,3143,0.3318559719294305
w6_10,log_gdppc,channel,share_channel_ngo,-0.13074546576178367,0.25505121585655877,0.6082521811292265,3143,0.3318559719294305
w6_10,log_gdppc,channel,share_channel_multilateral,0.04461278599775516,0.09455756633493781,0.6371001905366263,3143,0.3318559719294305
w6_10,log_gdppc,channel,share_channel_private_recipient,0.10751955483603486,0.2865444990556908,0.7075175734241039,3143,0.3318559719294305
w6_10,log_gdppc,finance,share_finance_grant,0.06064656422280834,0.03228941028227035,0.060448957419844795,3143,0.16938367449327074
w6_10,log_gdppc,finance,share_finance_loan,0.09700194519254549,0.05222981648320007,0.06337940930664931,3143,0.16938367449327074
w6_10,log_gdppc,extra,share_tc_usd_irtc,0.16789036929401516,0.06555143298256988,0.010479979435547015,3143,0.18753694068196514
w6_10,log_gdppc,extra,share_untied,-0.007251942920382724,0.029054111427269907,0.8029129420125611,3143,0.18753694068196514
w6_10,gfcf_gdp,aidtype,share_aidtype_technical_cooperation,-2.6082854214984947,6.816312757489298,0.7020094776302259,2641,-0.009683623244970407
w6_10,gfcf_gdp,aidtype,share_aidtype_budget_support,-0.3265889911701081,1.2857366714022185,0.7995094365598165,2641,-0.009683623244970407
w6_10,gfcf_gdp,aidtype,share_aidtype_project,-2.2838136102732274,1.454041558339027,0.11638756520941218,2641,-0.009683623244970407
w6_10,gfcf_gdp,aidtype,share_aidtype_pooled_earmarked,-7.044314162000056,7.617796944239995,0.35520238529176007,2641,-0.009683623244970407
w6_10,gfcf_gdp,aidtype,share_aidtype_ngo_core,37.70932557454755,19.9924468678323,0.0593874054887813,2641,-0.009683623244970407
w6_10,gfcf_gdp,aidtype,share_aidtype_scholarships_students,-3.4436591088900053,5.2559727080739576,0.5124062781388916,2641,-0.009683623244970407
w6_10,gfcf_gdp,aidtype,share_aidtype_admin_refugee_awareness,-21.65659683321937,22.16581206372407,0.32865088758178773,2641,-0.009683623244970407
w6_10,gfcf_gdp,channel,share_channel_public_recipient,3.9260342180575654,2.1470018812393374,0.06757740395998968,2641,0.022479863279036172
w6_10,gfcf_gdp,channel,share_channel_public_donor,-2.484780205884868,2.659387829490151,0.35021773453296934,2641,0.022479863279036172
w6_10,gfcf_gdp,channel,share_channel_ngo,-0.3212510080197717,4.071441764387619,0.9371157265705057,2641,0.022479863279036172
w6_10,gfcf_gdp,channel,share_channel_multilateral,-3.903916091115798,2.9166184846895744,0.18085336201133173,2641,0.022479863279036172
w6_10,gfcf_gdp,channel,share_channel_private_recipient,9.217627469603112,5.004313859520281,0.06560345704424608,2641,0.022479863279036172
w6_10,gfcf_gdp,finance,share_finance_grant,-0.09925079363851244,1.8615762243265386,0.9574848389159243,2641,0.028392640537975855
w6_10,gfcf_gdp,finance,share_finance_loan,-1.0153777927484124,2.047944069381597,0.6200768268623564,2641,0.028392640537975855
w6_10,gfcf_gdp,extra,share_tc_usd_irtc,2.3179189962069877,1.2700200247829725,0.06810503890702035,2641,0.025652706525710056
w6_10,gfcf_gdp,extra,share_untied,1.4565197580149478,0.8632597576237876,0.0916839398729874,2641,0.025652706525710056
w6_10,manf_gdp,aidtype,share_aidtype_technical_cooperation,-1.5748803662180635,2.408649907219372,0.5132673510746453,2911,0.013080836740613111
w6_10,manf_gdp,aidtype,share_aidtype_budget_support,-1.215547738626491,0.5161334219877238,0.018587580970718554,2911,0.013080836740613111
w6_10,manf_gdp,aidtype,share_aidtype_project,-0.8206204869729542,0.5025965650375794,0.10263383104534518,2911,0.013080836740613111
w6_10,manf_gdp,aidtype,share_aidtype_pooled_earmarked,-0.7486150529689317,2.4942199927118045,0.7640931458649933,2911,0.013080836740613111
w6_10,manf_gdp,aidtype,share_aidtype_ngo_core,6.18623507078367,7.965001573042834,0.4374161891772135,2911,0.013080836740613111
w6_10,manf_gdp,aidtype,share_aidtype_scholarships_students,2.0714840516071873,3.149488661097204,0.5107727539846678,2911,0.013080836740613111
w6_10,manf_gdp,aidtype,share_aidtype_admin_refugee_awareness,7.452769550211512,15.374226995066879,0.6278871721698049,2911,0.013080836740613111
w6_10,manf_gdp,channel,share_channel_public_recipient,0.32512061235343576,1.0446745706518652,0.7556591913754089,2911,-0.18877485964899976
w6_10,manf_gdp,channel,share_channel_public_donor,0.8157015458838054,1.2478103032225139,0.5133557323739004,2911,-0.18877485964899976
w6_10,manf_gdp,channel,share_channel_ngo,0.6328702440342951,2.4358339111211125,0.7950246729219939,2911,-0.18877485964899976
w6_10,manf_gdp,channel,share_channel_multilateral,2.1751980422268953,0.928283522248477,0.0191876942571787,2911,-0.18877485964899976
w6_10,manf_gdp,channel,share_channel_private_recipient,-1.6355554438008986,2.8024220664171606,0.5595225219168489,2911,-0.18877485964899976
w6_10,manf_gdp,finance,share_finance_grant,-0.6342498464163402,0.5498042310335389,0.24876770340798826,2911,-0.06794811677149837
w6_10,manf_gdp,finance,share_finance_loan,-0.41429331859243507,0.6733680456610323,0.5384370017514821,2911,-0.06794811677149837
w6_10,manf_gdp,extra,share_tc_usd_irtc,-0.13686468614736527,0.4119995322258558,0.739766426471764,2911,-0.07145561836787473
w6_10,manf_gdp,extra,share_untied,-0.03574194327758643,0.3404274982218032,0.9163903305464693,2911,-0.07145561836787473
w6_10,tax_gdp,aidtype,share_aidtype_technical_cooperation,-18.404328371181485,12.915071888208342,0.1543175702730437,1995,0.09257923635074816
w6_10,tax_gdp,aidtype,share_aidtype_budget_support,2.2051915142698157,1.4905512659313627,0.13919069664537598,1995,0.09257923635074816
w6_10,tax_gdp,aidtype,share_aidtype_project,-0.7963971872528327,0.7314240688373288,0.276369861336625,1995,0.09257923635074816
w6_10,tax_gdp,aidtype,share_aidtype_pooled_earmarked,-4.9400135676559636,4.128268308130436,0.23160335035840784,1995,0.09257923635074816
w6_10,tax_gdp,aidtype,share_aidtype_ngo_core,35.02238967921907,21.751993516930792,0.10755113688977458,1995,0.09257923635074816
w6_10,tax_gdp,aidtype,share_aidtype_scholarships_students,-6.5138321160537735,3.9529955993628385,0.09955860969517749,1995,0.09257923635074816
w6_10,tax_gdp,aidtype,share_aidtype_admin_refugee_awareness,-4.072423881830713,13.462069435542697,0.7622964767408531,1995,0.09257923635074816
w6_10,tax_gdp,channel,share_channel_public_recipient,3.28770518354009,1.574564982655747,0.036933017157581904,1995,0.039496039880474454
w6_10,tax_gdp,channel,share_channel_public_donor,-4.591517978954113,4.465807029162452,0.30401333181650547,1995,0.039496039880474454
w6_10,tax_gdp,channel,share_channel_ngo,7.502167015015802,6.539067513399916,0.25141208606887044,1995,0.039496039880474454
w6_10,tax_gdp,channel,share_channel_multilateral,-6.575316776889465,5.1183111687051746,0.19906949221306913,1995,0.039496039880474454
w6_10,tax_gdp,channel,share_channel_private_recipient,2.5504578044852284,7.125505538400036,0.7204336889912044,1995,0.039496039880474454
w6_10,tax_gdp,finance,share_finance_grant,2.0324575625335237,1.6874383863067794,0.22856380865895232,1995,0.05539913812732833
w6_10,tax_gdp,finance,share_finance_loan,2.4133380027400055,1.3743594698161168,0.07925760623281053,1995,0.05539913812732833
w6_10,tax_gdp,extra,share_tc_usd_irtc,-7.8909871798063405,6.842298157941599,0.24894955761476956,1995,0.05718823902919978
w6_10,tax_gdp,extra,share_untied,-0.9541239087752246,1.2470100376142228,0.4442916262770571,1995,0.05718823902919978
w6_10,elec_access,aidtype,share_aidtype_technical_cooperation,1.3258182297499488,15.98995187364006,0.9339240656223873,3187,0.30155027559820535
w6_10,elec_access,aidtype,share_aidtype_budget_support,-3.1078854680335692,1.7612507716721142,0.07773393635177728,3187,0.30155027559820535
w6_10,elec_access,aidtype,share_aidtype_project,-1.1556201212372306,1.3725300239676064,0.3998751879088902,3187,0.30155027559820535
w6_10,elec_access,aidtype,share_aidtype_pooled_earmarked,-2.4990665170790827,6.590035758772193,0.7045519767518829,3187,0.30155027559820535
w6_10,elec_access,aidtype,share_aidtype_ngo_core,5.738228952403622,30.493255407697603,0.8507480046166929,3187,0.30155027559820535
w6_10,elec_access,aidtype,share_aidtype_scholarships_students,-10.391210590470155,6.827651044058638,0.1281313547197922,3187,0.30155027559820535
w6_10,elec_access,aidtype,share_aidtype_admin_refugee_awareness,-48.73090274079823,27.31129340688958,0.07447925573521541,3187,0.30155027559820535
w6_10,elec_access,channel,share_channel_public_recipient,3.8089154126788576,3.0901363815571625,0.21781947043818706,3187,0.44294720143113253
w6_10,elec_access,channel,share_channel_public_donor,2.464754904764008,5.199610282329385,0.6355150598659471,3187,0.44294720143113253
w6_10,elec_access,channel,share_channel_ngo,0.553963747907788,7.413395327977975,0.9404387082118533,3187,0.44294720143113253
w6_10,elec_access,channel,share_channel_multilateral,-1.1546497363322434,3.6103603611064483,0.7491302297600022,3187,0.44294720143113253
w6_10,elec_access,channel,share_channel_private_recipient,-12.332054253905499,8.455572225716589,0.1448198262635565,3187,0.44294720143113253
w6_10,elec_access,finance,share_finance_grant,0.5485868953086,2.2634773813616884,0.8085140831406683,3187,0.36293105843724593
w6_10,elec_access,finance,share_finance_loan,4.9313179145435,2.3980044845877138,0.03982724857050601,3187,0.36293105843724593
w6_10,elec_access,extra,share_tc_usd_irtc,6.4759706172104545,2.4721630916013155,0.008848478666591886,3187,0.38595867422960317
w6_10,elec_access,extra,share_untied,0.3376829993223128,1.0048722280170452,0.7368597437901592,3187,0.38595867422960317
w11_15,log_gdppc,aidtype,share_aidtype_technical_cooperation,-0.39346113524160375,0.2507831876241524,0.11680121455861059,2478,-0.04664500532395266
w11_15,log_gdppc,aidtype,share_aidtype_budget_support,0.020165455992927607,0.04921701053631482,0.6820454028790679,2478,-0.04664500532395266
w11_15,log_gdppc,aidtype,share_aidtype_project,-0.032362034643629016,0.04226887550861228,0.44397864591850555,2478,-0.04664500532395266
w11_15,log_gdppc,aidtype,share_aidtype_pooled_earmarked,-0.4187897592059018,0.23730282970578676,0.07773100624259666,2478,-0.04664500532395266
w11_15,log_gdppc,aidtype,share_aidtype_ngo_core,0.5600253802381812,0.5019097639159189,0.2646284307017961,2478,-0.04664500532395266
w11_15,log_gdppc,aidtype,share_aidtype_scholarships_students,-0.18640792486186067,0.170581070920751,0.27460337467727336,2478,-0.04664500532395266
w11_15,log_gdppc,aidtype,share_aidtype_admin_refugee_awareness,-7.301888581944216,1.7954369306584164,4.923472779472249e-05,2478,-0.04664500532395266
w11_15,log_gdppc,channel,share_channel_public_recipient,0.3060089623957746,0.08517251274436634,0.00033394939203823526,2478,0.16537758687703874
w11_15,log_gdppc,channel,share_channel_public_donor,-0.10338636578545327,0.08117593499035608,0.20293003546128685,2478,0.16537758687703874
w11_15,log_gdppc,channel,share_channel_ngo,-0.33930325915281256,0.22956536460151608,0.1395372251864766,2478,0.16537758687703874
w11_15,log_gdppc,channel,share_channel_multilateral,0.03988081235323024,0.10014590440518299,0.6904995187581622,2478,0.16537758687703874
w11_15,log_gdppc,channel,share_channel_private_recipient,,,,2478,0.16537758687703874
w11_15,log_gdppc,finance,share_finance_grant,0.053221242831125996,0.04572959128492131,0.24461475719045533,2478,0.11792063283708398
w11_15,log_gdppc,finance,share_finance_loan,0.059547834659596593,0.06204922952237095,0.3373129346132293,2478,0.11792063283708398
w11_15,log_gdppc,extra,share_tc_usd_irtc,0.09118718522368106,0.03302697135379103,0.0058080283518666675,2478,0.13540857643155313
w11_15,log_gdppc,extra,share_untied,0.012160255041824579,0.028804552143393725,0.6729442289337961,2478,0.13540857643155313
w11_15,gfcf_gdp,aidtype,share_aidtype_technical_cooperation,-0.005275857535843191,8.471626077296252,0.9995031669331318,2094,0.07516713888891957
w11_15,gfcf_gdp,aidtype,share_aidtype_budget_support,3.141005121892456,1.6770711494054438,0.06123055894962537,2094,0.07516713888891957
w11_15,gfcf_gdp,aidtype,share_aidtype_project,1.2777209814318422,1.8114488772042505,0.4806715855127681,2094,0.07516713888891957
w11_15,gfcf_gdp,aidtype,share_aidtype_pooled_earmarked,-2.8255191805459954,6.364444055981058,0.6571253649623305,2094,0.07516713888891957
w11_15,gfcf_gdp,aidtype,share_aidtype_ngo_core,11.62344009192024,15.672250362030356,0.4583844918997839,2094,0.07516713888891957
w11_15,gfcf_gdp,aidtype,share_aidtype_scholarships_students,-1.3434653377593648,6.37620549032328,0.8331435873666764,2094,0.07516713888891957
w11_15,gfcf_gdp,aidtype,share_aidtype_admin_refugee_awareness,-127.69666816592435,51.29066438804253,0.012869253076868814,2094,0.07516713888891957
w11_15,gfcf_gdp,channel,share_channel_public_recipient,3.1151342889753897,2.513616373014555,0.21538230533336278,2094,0.07225553662757966
w11_15,gfcf_gdp,channel,share_channel_public_donor,-0.30652333101524915,2.5019985271376393,0.9025066588771429,2094,0.07225553662757966
w11_15,gfcf_gdp,channel,share_channel_ngo,-4.563341275895606,5.710136005189647,0.4242921280484704,2094,0.07225553662757966
w11_15,gfcf_gdp,channel,share_channel_multilateral,-2.7183979901815074,2.8361722236949185,0.337942620595854,2094,0.07225553662757966
w11_15,gfcf_gdp,channel,share_channel_private_recipient,,,,2094,0.07225553662757966
w11_15,gfcf_gdp,finance,share_finance_grant,-0.5690769225451023,2.4346134436948392,0.8152080589159261,2094,0.05271316284542493
w11_15,gfcf_gdp,finance,share_finance_loan,0.8301934393495171,2.6828215394723003,0.7570139145934711,2094,0.05271316284542493
w11_15,gfcf_gdp,extra,share_tc_usd_irtc,0.7645560654622482,0.9216763740607389,0.40690741294544175,2094,0.04585645845388442
w11_15,gfcf_gdp,extra,share_untied,0.19788508463870716,0.8616261611461213,0.8183764402224838,2094,0.04585645845388442
w11_15,manf_gdp,aidtype,share_aidtype_technical_cooperation,1.1274489929493297,2.1001719956786378,0.5914362031329188,2307,-0.04363154941608949
w11_15,manf_gdp,aidtype,share_aidtype_budget_support,-0.7079603761980042,0.4635733476270498,0.12686339277873881,2307,-0.04363154941608949
w11_15,manf_gdp,aidtype,share_aidtype_project,-0.11383659831070925,0.4945417462850665,0.8179691606242057,2307,-0.04363154941608949
w11_15,manf_gdp,aidtype,share_aidtype_pooled_earmarked,0.86488397157667,2.277411290999677,0.7041565066474123,2307,-0.04363154941608949
w11_15,manf_gdp,aidtype,share_aidtype_ngo_core,-2.2125963843853773,7.66073869335673,0.7727448406813844,2307,-0.04363154941608949
w11_15,manf_gdp,aidtype,share_aidtype_scholarships_students,4.810790234635951,3.061874610592027,0.11628567679260349,2307,-0.04363154941608949
w11_15,manf_gdp,aidtype,share_aidtype_admin_refugee_awareness,21.6485564121307,17.94914125186544,0.22790980051489051,2307,-0.04363154941608949
w11_15,manf_gdp,channel,share_channel_public_recipient,-0.2698758425991839,0.70132175151046,0.7004160362774634,2307,-0.1635298507523928
w11_15,manf_gdp,channel,share_channel_public_donor,0.45995779032090367,0.9449239786195635,0.6264731136838382,2307,-0.1635298507523928
w11_15,manf_gdp,channel,share_channel_ngo,2.7206912222893664,1.949170092250407,0.16291279694327532,2307,-0.1635298507523928
w11_15,manf_gdp,channel,share_channel_multilateral,1.5532626950572102,0.7536036433565462,0.03941226697549505,2307,-0.1635298507523928
w11_15,manf_gdp,channel,share_channel_private_recipient,,,,2307,-0.1635298507523928
w11_15,manf_gdp,finance,share_finance_grant,-0.24734943793419847,0.44503183158633575,0.5784042435659655,2307,-0.0493934474777078
w11_15,manf_gdp,finance,share_finance_loan,-0.3234495626403013,0.5802156387562135,0.5772681812822289,2307,-0.0493934474777078
w11_15,manf_gdp,extra,share_tc_usd_irtc,-0.18278250892172018,0.23340193933438538,0.4336408914124421,2307,-0.039022863111980444
w11_15,manf_gdp,extra,share_untied,-0.14970842041829427,0.2716412606825507,0.5816048981075386,2307,-0.039022863111980444
w11_15,tax_gdp,aidtype,share_aidtype_technical_cooperation,-23.497798296188062,14.788782257053937,0.11229422479531403,1642,0.08577795666101962
w11_15,tax_gdp,aidtype,share_aidtype_budget_support,3.9232210595373145,2.743137175417947,0.152868353552424,1642,0.08577795666101962
w11_15,tax_gdp,aidtype,share_aidtype_project,-1.148192142969903,0.8943251186365788,0.19938677770306135,1642,0.08577795666101962
w11_15,tax_gdp,aidtype,share_aidtype_pooled_earmarked,-7.75494027030299,3.598381207115435,0.0313104828753783,1642,0.08577795666101962
w11_15,tax_gdp,aidtype,share_aidtype_ngo_core,-25.653172693324485,23.20721964827556,0.2691643859449613,1642,0.08577795666101962
w11_15,tax_gdp,aidtype,share_aidtype_scholarships_students,-8.100754617114388,6.971172293550882,0.2454047575430034,1642,0.08577795666101962
w11_15,tax_gdp,aidtype,share_aidtype_admin_refugee_awareness,-82.49870492223849,32.694473524091805,0.011727302904562364,1642,0.08577795666101962
w11_15,tax_gdp,channel,share_channel_public_recipient,2.619484843559975,2.7507923073819676,0.3411147082158603,1642,0.15826580113577227
w11_15,tax_gdp,channel,share_channel_public_donor,-0.4565990761968655,1.9907953901323734,0.8186239919170815,1642,0.15826580113577227
w11_15,tax_gdp,channel,share_channel_ngo,-2.468619202078257,2.9533910628890063,0.4033663380179897,1642,0.15826580113577227
w11_15,tax_gdp,channel,share_channel_multilateral,-3.0819742766589915,2.3977632295887172,0.19886574999852802,1642,0.15826580113577227
w11_15,tax_gdp,channel,share_channel_private_recipient,,,,1642,0.15826580113577227
w11_15,tax_gdp,finance,share_finance_grant,-11.257617378214407,7.294881116160484,0.12298629801685457,1642,0.22606392066964764
w11_15,tax_gdp,finance,share_finance_loan,-8.926342883045464,6.6944885588608365,0.18260573627517895,1642,0.22606392066964764
w11_15,tax_gdp,extra,share_tc_usd_irtc,-8.484308729211943,7.898916595936385,0.2829445705897773,1642,0.15888319598255318
w11_15,tax_gdp,extra,share_untied,-1.4667616880814776,1.408941822036081,0.29802443804033474,1642,0.15888319598255318
w11_15,elec_access,aidtype,share_aidtype_technical_cooperation,-12.465939742452456,9.718129031943587,0.19970577472693685,2518,0.10921330069481505
w11_15,elec_access,aidtype,share_aidtype_budget_support,-2.4962621543095347,1.7080201163403697,0.1440134000544735,2518,0.10921330069481505
w11_15,elec_access,aidtype,share_aidtype_project,-0.9262656505654782,1.2986793971462458,0.4757701637808589,2518,0.10921330069481505
w11_15,elec_access,aidtype,share_aidtype_pooled_earmarked,-6.618991396723494,6.131506899395247,0.2804734693805624,2518,0.10921330069481505
w11_15,elec_access,aidtype,share_aidtype_ngo_core,38.682773502878675,30.2763640435345,0.20149694610859492,2518,0.10921330069481505
w11_15,elec_access,aidtype,share_aidtype_scholarships_students,-5.346064435233487,5.909617900449017,0.3657499306892942,2518,0.10921330069481505
w11_15,elec_access,aidtype,share_aidtype_admin_refugee_awareness,-120.15280705185944,39.001409621149,0.0020888474922808875,2518,0.10921330069481505
w11_15,elec_access,channel,share_channel_public_recipient,4.622891263907284,1.9974201151256192,0.02072976024568307,2518,0.3992081112591235
w11_15,elec_access,channel,share_channel_public_donor,8.829155342477758,3.8436129396602428,0.021700568129193076,2518,0.3992081112591235
w11_15,elec_access,channel,share_channel_ngo,5.310225948174377,6.11803541748714,0.38550327909192683,2518,0.3992081112591235
w11_15,elec_access,channel,share_channel_multilateral,3.1303620016926534,3.1136361510162915,0.31482118139390636,2518,0.3992081112591235
w11_15,elec_access,channel,share_channel_private_recipient,,,,2518,0.3992081112591235
w11_15,elec_access,finance,share_finance_grant,1.7982259325404406,2.3161839251182794,0.4376058810539023,2518,0.19610380761954038
w11_15,elec_access,finance,share_finance_loan,4.939446433546308,2.245826851684653,0.02794711719001164,2518,0.19610380761954038
w11_15,elec_access,extra,share_tc_usd_irtc,4.300634255082689,1.6410815587668328,0.00883366589253698,2518,0.24344762614857862
w11_15,elec_access,extra,share_untied,0.4018599720066173,0.9339591852179089,0.667034432405786,2518,0.24344762614857862
