OECD Development Cooperation Directorate (DCD-DAC),,,,,,,,,,,,,,,,
Single table - for 2025 data,,,, ,,,,,,,,,,,,
including codes for channel pilot project,,,,,,,,,,,,,,,,
Updated January 2026,,,,,,,,,,,,,,,,
https://www.oecd.org/en/topics/sub-issues/oda-eligibility-and-conditions/dac-list-of-oda-recipients.html,,,,,,,,,,,,,Work in progress,,,
,,,,,,,,,,,,,For non-reporting organisations,,,
Channel Parent Category,Channel ID,Year,Acronym (ENG),Full Name (English),Acronym (FR),Full Name (French),Coefficient for core contributions,DAC 2a/3a Row,General contributions previously reported as co-operation modality:,General contributions reported as co-operation modality:,MCD,Outflow data in DAC stats,Geo-code,Purpose code,References/Notes,
10000,10000,,,PUBLIC SECTOR INSTITUTIONS,,INSTITUTIONS DU SECTEUR PUBLIC,,,,,,,,,,
10000,11000,,,Donor Government,,Gouvernement du donneur,,,,,,,,,,
11000,11001,2025,,Central Government,,Gouvernment central,,,,,MCD,,,,DCD/DAC/STAT(2015)14/REV1,
11000,11002,2025,,Local Government,,Gouvernment local,,,,,MCD,,,,DCD/DAC/STAT(2015)14/REV1,
11000,11003,2025,,Public corporations,,Entreprise publique,,,,,MCD,,,,DCD/DAC/STAT(2015)14/REV1,
11000,11004,2025,,Other public entities in donor country,,Autres entité publique dans le pays donneur,,,,,MCD,,,,DCD/DAC/STAT(2015)14/REV1,
10000,12000,,,Recipient Government,,Gouvernement du bénéficiaire,,,,,,,,,,
12000,12001,2025,,Central Government,,Gouvernment central,,,,,MCD,,,,DCD/DAC/STAT(2015)14/REV1,
12000,12002,2025,,Local Government,,Gouvernment local,,,,,MCD,,,,DCD/DAC/STAT(2015)14/REV1,
12000,12003,2025,,Public corporations,,Entreprise publique,,,,,MCD,,,,DCD/DAC/STAT(2015)14/REV1,
12000,12004,2025,,Other public entities in recipient country,,Autres entité publique dans le pays bénéficiaire,,,,,MCD,,,,DCD/DAC/STAT(2015)14/REV1,
10000,13000,,,Third Country Government (Delegated co-operation),,Gouvernement tiers (coopération déléguée),,,,,,,,,,
20000,20000,,,NON-GOVERNMENTAL ORGANISATIONS (NGOs) AND CIVIL SOCIETY ,,ORGANISATIONS NON GOUVERNEMENTALES (ONG) et SOCIÉTÉ CIVILE,,,,,,,,,,
20000,21000,,,INTERNATIONAL NGO,,ONG INTERNATIONALE,,,,,,,,,,
21000,21045,2025,AMREF,African Medical and Research Foundation ,AMREF,Fondation africaine pour la médecine et la recherche,100,,B01,B01,MCD,,,,Added:  DCD/DAC/STAT(2008)10,
21000,21046,2025,ACORD,Agency for Cooperation and Research in Development ,ACORD,Association de Coopération et de Recherche pour le Développement,100,,B01,B01,Not MCD,,,,Not a major channel of delivery:  DCD/DAC/STAT(2011)7/REV1.  Added:  DCD/DAC/STAT(2008)10,
21000,21001,2025,AGID,Association of Geoscientists for International Development ,AGID,Association de géoscientifiques pour le développement international,100,,B01,B01,Not MCD,,,,,
21000,21064,2025,CHAI,"Clinton Health Access Initiative, Inc. ",CHAI,Initiative Clinton pour l'accès à la santé,100,,B01,B01,,,,,Added: DCD/DAC/STAT(2019)34 ,
21000,21063,2025,CI,Conservation International,CI,Conservation International,79,,B01,B01,MCD,,,,Added:  DCD/DAC/STAT(2017)13,
21000,21005,2025,CUTS,Consumer Unity and Trust Society International ,CUTS,Consumer Unity and Trust Society International,100,,B01,B01,Not MCD,,,,Not a major channel of delivery:  DCD/DAC/STAT(2011)7/REV1.  Added:  DCD/DAC/STAT(2005)9,
21000,21029,2025,MSF,Doctors Without Borders,MSF,Médecins Sans Frontières,100,,B01,B01,MCD,,,,Added:  DCD/DAC/STAT(2002)3,
21000,47035,2025,ENDA,Environmental Development Action in the Third World ,ENDA,Environnement et développement du Tiers-monde,100,,B01,B01,MCD,,,,Change of Channel Category:  DCD/DAC/STAT(2012)6/REV1.  ,
21000,21007,2025,ELCI,Environmental Liaison Centre International ,CILE,Centre international de liaison pour l’environnement,100,,B01,B01,Not MCD,,,,Not a major channel of delivery:  DCD/DAC/STAT(2011)7/REV1.  Added:  DCD/DAC/STAT(2004)3,
21000,21503,2025,FHI360,Family Health International 360,FHI360,,Not assessed,,B01,B01,Not MCD,,,,Added as part of the Channel Pilot: DCD/DAC/STAT(2014)9.,
21000,21011,2025,GCE,Global Campaign for Education ,CME,Campagne mondiale pour l’éducation,100,,B01,B01,Not MCD,,,,Not a major channel of delivery:  DCD/DAC/STAT(2011)7/REV1.  Added:  DCD/DAC/STAT(2004)3,
21000,21013,2025,HAI,Health Action International ,HAI,Health Action International ,100,,B01,B01,Not MCD,,,,Not a major channel of delivery:  DCD/DAC/STAT(2011)7/REV1.  Added:  DCD/DAC/STAT(2000)4,
21000,21024,2025,IPS,"Inter Press Service, International Association ",IPS,"Inter Press Service, International Association",100,,B01,B01,Not MCD,,,,Not a major channel of delivery:  DCD/DAC/STAT(2011)7/REV1.  Added:  DCD/DAC/STAT(2004)3,
21000,21038,2025,,International Alert,,International Alert,100,,B01,B01,Not MCD,,,,Not a major channel of delivery:  DCD/DAC/STAT(2011)7/REV1.  Added:  DCD/DAC/STAT(2007)7,
21000,21057,2025,ICTJ,International Centre for Transitional Justice,ICTJ,Centre International pour la Justice Transitionnelle,100,,B01,B01,Not MCD,,,,Not a major channel of delivery:  DCD/DAC/STAT(2011)7/REV1.  Added:  DCD/DAC/STAT(2008)10,
21000,21016,2025,ICRC,International Committee of the Red Cross ,CICR,Comité international de la Croix-Rouge ,100,,B01,B01,MCD,,,,,
21000,21044,2025,ICCIDD,International Council for the Control of Iodine Deficiency Disorders,ICCIDD,Conseil international pour la lutte contre les troubles dus à une carence en iode,100,,B01,B01,Not MCD,,,,Not a major channel of delivery:  DCD/DAC/STAT(2011)7/REV1.  Reclassified:  DCD/DAC/STAT(2008)10,
21000,21018,2025,IFRCRCS,International Federation of Red Cross and Red Crescent Societies ,FISCRCR,Fédération internationale des Sociétés de la Croix-Rouge et du Croissant-Rouge ,100,,B01,B01,MCD,,,,Reviewed and confirmed the channel category classification:  DCD/DAC/STAT(2012)9.  Added:  DCD/DAC/STAT(2001)9,
21000,21020,2025,,International HIV/AIDS Alliance ,,International HIV/AIDS Alliance,100,,B01,B01,MCD,,,,Added:  DCD/DAC/STAT(2003)2,
21000,21022,2025,INAFI,International Network for Alternative Financial Institutions ,INAFI,Réseau international d’institutions financières,100,,B01,B01,Not MCD,,,,Not a major channel of delivery:  DCD/DAC/STAT(2011)7/REV1.  Added:  DCD/DAC/STAT(2004)3,
21000,21042,2025,Interpeace,International Peacebuilding Alliance,Interpeace,Alliance internationale pour la consolidation de la paix,100,,B01,B01,Not MCD,,,,"Not a major channel of delivery:  DCD/DAC/STAT(2011)7/REV1.  Renamed:  DCD/DAC/STAT(2008)5, Added:  DCD/DAC/STAT(2006)15 Replaces WSP International",
21000,21023,2025,IPPF,International Planned Parenthood Federation ,IPPF,Fédération internationale pour le planning familial,100,,B01,B01,MCD,,,,,
21000,21061,2025,IRCT,International Rehabilitation Council for Torture Victims,IRTC,Conseil international de réhabilitation pour les victimes de torture,100,,B01,B01,Not MCD,,,,Not a major channel of delivery:  DCD/DAC/STAT(2011)7/REV1.  Added:  DCD/DAC/STAT(2011)16,
21000,21504,2025,,Blumont,,Blumont,Not assessed,,B01,B01,Not MCD,,,,Added as part of the Channel Pilot: DCD/DAC/STAT(2014)9.,
21000,21506,2025,IRC,International Rescue Committee,IRC,International Rescue Committee,Not assessed,,B01,B01,Not MCD,,,,Added as part of the Channel Pilot: DCD/DAC/STAT(2014)9.,
21000,21034,2025,UNION,International Union Against Tuberculosis and Lung Disease ,UNION,Union Internationale Contre la Tuberculose et les Maladies Respiratoires ,100,,B01,B01,MCD,,,,Renamed:  DCD/DAC/STAT(2004)3,
21000,21053,2025,,"IPAS-Protecting Women’s Health, Advancing Women’s Reproductive Rights",,"IPAS-Protecting Womens Health, Advancing Womens Reproductive Rights",100,,B01,B01,Not MCD,,,,Not a major channel of delivery:  DCD/DAC/STAT(2011)7/REV1.  Added:  DCD/DAC/STAT(2008)10,
21000,21054,2025,LPI,Life and Peace Institute,IVP,Institut Vie et Paix,100,,B01,B01,Not MCD,,,,Not a major channel of delivery:  DCD/DAC/STAT(2011)7/REV1.  Added:  DCD/DAC/STAT(2008)10,
21000,21501,2025,OXFAM-I,OXFAM International,,OXFAM International,Not assessed,,B01,B01,Not MCD,,,,Added as part of the Channel Pilot: DCD/DAC/STAT(2014)9.,
21000,21507,2025,PACT,Pact World,,,Not assessed,,B01,B01,Not MCD,,,,Added as part of the Channel Pilot: DCD/DAC/STAT(2014)9.,
21000,21508,2025,SEforALL,Sustainable Energy for All,,,100,,B01,B01,Not MCD,,,,Added: DCD/DAC/STAT(2022)47,
21000,21031,2025,PANOS,PANOS Institute ,PANOS,Institut PANOS,100,,B01,B01,Not MCD,,,,Not a major channel of delivery:  DCD/DAC/STAT(2011)7/REV1.  Added:  DCD/DAC/STAT(2004)3,
21000,21032,2025,PSI,Population Services International ,PSI,Organisation internationale pour les services en matière de population,100,,B01,B01,MCD,,,,Added:  DCD/DAC/STAT(2003)2,
21000,21505,2025,,Save the Children,,Save the Children,Not assessed,,B01,B01,Not MCD,,,,Added as part of the Channel Pilot: DCD/DAC/STAT(2014)9.,
21000,21041,2025,SID,Society for International Development,SDI,Société pour le développement international,100,,B01,B01,Not MCD,,,,Not a major channel of delivery:  DCD/DAC/STAT(2011)7/REV1.  Added:  DCD/DAC/STAT(2006)15,
21000,21062,2025,TNC,The Nature Conservancy,TNC,The Nature Conservancy,12,,B01,B01,MCD,,,,Added:  DCD/DAC/STAT(2015)20,
21000,21036,2025,WUS,World University Service ,EUM,Entraide universitaire mondiale,100,,B01,B01,Not MCD,,,,Not a major channel of delivery:  DCD/DAC/STAT(2011)7/REV1.,
21000,21502,2025,,World Vision,WVI,World Vision,Not assessed,,B01,B01,Not MCD,,,,Added as part of the Channel Pilot: DCD/DAC/STAT(2014)9.,
21000,21509,2025,AC,AmplifyChange,AC,AmplifyChange,100,,B01,B01,,,,,Added: DCD/DAC/STAT(2023)43,
20000,22000,,,Donor country-based NGO,,ONG basée dans un pays donneur,,,,,,,,,,
22000,21047,2025,,AgriCord,,AgriCord,100,,B01,B01,Not MCD,,,,Not a major channel of delivery:  DCD/DAC/STAT(2011)7/REV1.  Added:  DCD/DAC/STAT(2008)10,
22000,21060,2025,APT,Association for the Prevention of Torture,APT,Association pour la prévention de la torture,100,,B01,B01,Not MCD,,,,Not a major channel of delivery:  DCD/DAC/STAT(2011)7/REV1.  Added:  DCD/DAC/STAT(2011)16,
22000,21006,2025,,Development Gateway Foundation ,,Development Gateway Foundation,100,,B01,B01,Not MCD,,,,,
22000,21049,2025,ECDPM,European Centre for Development Policy Management ,ECDPM,Centre européen de gestion de politiques de développement,100,,B01,B01,Not MCD,,,,Not a major channel of delivery:  DCD/DAC/STAT(2011)7/REV1.  Added:  DCD/DAC/STAT(2008)10,
22000,21008,2025,Eurostep,Eurostep ,Eurostep,Eurostep,100,,B01,B01,Not MCD,,,,Not a major channel of delivery:  DCD/DAC/STAT(2011)7/REV1.  Added:  DCD/DAC/STAT(2005)9,
22000,47042,2025,FIT,Foundation for International Training ,FIT,Fondation pour la formation internationale dans les pays du tiers monde,100,,B01,B01,Not MCD,,,,Change of channel category:  DCD/DAC/STAT(2012)6/REV1,
22000,21050,2025,,Geneva Call,,Appel de Genève,100,,B01,B01,Not MCD,,,,,
22000,21014,2025,HURIDOCS,Human Rights Information and Documentation Systems ,HURIDOCS,Systèmes d’Information et de Documentation sur les Droits de l’Homme,100,,B01,B01,Not MCD,,,,Not a major channel of delivery:  DCD/DAC/STAT(2011)7/REV1.  Added:  DCD/DAC/STAT(2000)4,
22000,21015,2025,ICRA,International Catholic Rural Association ,ICRA,Association internationale rurale catholique,100,,B01,B01,Not MCD,,,,Not a major channel of delivery:  DCD/DAC/STAT(2011)7/REV1.,
22000,21058,2025,ICG,International Crisis Group,ICG,International Crisis Group,100,,B01,B01,Not MCD,,,,Not a major channel of delivery:  DCD/DAC/STAT(2011)7/REV1.  Added: DCD/DAC/STAT(2010)5,
22000,21019,2025,IFS,International Federation of Settlements and Neighbourhood Centres ,IFS,Fédération internationale des centres sociaux et communautaires,100,,B01,B01,Not MCD,,,,Not a major channel of delivery:  DCD/DAC/STAT(2011)7/REV1.,
22000,21025,2025,ISC,International Seismological Centre ,ISC,Centre séismologique international,100,,B01,B01,Not MCD,,,,Not a major channel of delivery:  DCD/DAC/STAT(2011)7/REV1.,
22000,21026,2025,ISHR,International Service for Human Rights ,ISHR,Service International pour les Droits de l’Homme,100,,B01,B01,Not MCD,,,,Not a major channel of delivery:  DCD/DAC/STAT(2011)7/REV1.  Added:  DCD/DAC/STAT(2000)4,
22000,21040,2025,IWTC,International Women's Tribune Centre,CTIF,Centre de la tribune internationale de la femme,100,,B01,B01,Not MCD,,,,Not a major channel of delivery:  DCD/DAC/STAT(2011)7/REV1.  Added:  DCD/DAC/STAT(2007)7 and  DCD/DAC/STAT(2008)10,
22000,21027,2025,ITF,ITF Enhancing Human Security ,ITF,Fonds international d’affectation spéciale pour le déminage et l’assistance aux victimes des mines,100,,B01,B01,Not MCD,,,,Renamed:  DCD/DAC/STAT(2017)13.  Not a major channel of delivery:  DCD/DAC/STAT(2011)7/REV1.  Added:  DCD/DAC/STAT(2004)3,
22000,22501,2025,OXFAM,OXFAM - provider country office,,OXFAM - bureau du pays donneur,Not assessed,,B01,B01,Not MCD,,,,Added as part of the Channel Pilot: DCD/DAC/STAT(2014)9.,
22000,22502,2025,,Save the Children - donor country office,,Save the Children - bureau du pays donneur,Not assessed,,B01,B01,Not MCD,,,,Added as part of the Channel Pilot: DCD/DAC/STAT(2014)9.,
22000,21033,2025,TI,Transparency International ,TI,Transparency International,100,,B01,B01,Not MCD,,,,Not a major channel of delivery:  DCD/DAC/STAT(2011)7/REV1.,
22000,21037,2025,WWB,Women's World Banking,WWB,Banque mondiale des femmes,100,,B01,B01,Not MCD,,,,Not a major channel of delivery:  DCD/DAC/STAT(2011)7/REV1.  Added:  DCD/DAC/STAT(2004)3,
22000,21035,2025,OMCT,World Organisation Against Torture ,OMCT,Organisation mondiale contre la torture,100,,B01,B01,Not MCD,,,,Not a major channel of delivery:  DCD/DAC/STAT(2011)7/REV1.  Added:  DCD/DAC/STAT(2000)4  Replaces WOAT,
20000,23000,,,Developing country-based NGO ,,ONG basée dans un pays en développement,,,,,,,,,,
23000,21059,2025,ASF,Africa Solidarity Fund,ASF,Fonds solidaire pour l'Afrique,100,,B01,B01,Not MCD,,,,Not a major channel of delivery:  DCD/DAC/STAT(2011)7/REV1.  Change of channel category (formerly channel code 46001 under Regional Development Banks): DCD/DAC/STAT(2010)5,
23000,21048,2025,AAU,Association of African Universities,AUA,Association des universités africaines,100,,B01,B01,Not MCD,,,,Not a major channel of delivery:  DCD/DAC/STAT(2011)7/REV1.  Added:  DCD/DAC/STAT(2008)10,
23000,21010,2025,FAWE,Forum for African Women Educationalists ,FAWE,Forum des éducatrices africaines,100,,B01,B01,Not MCD,,,,Not a major channel of delivery:  DCD/DAC/STAT(2011)7/REV1.  Added:  DCD/DAC/STAT(2004)3,
23000,21051,2025,ISPEC,Institut Supérieur Panafricaine d’Economie Coopérative,ISPEC,Institut supérieur panafricaine d’economie coopérative,100,,B01,B01,Not MCD,,,,Not a major channel of delivery:  DCD/DAC/STAT(2011)7/REV1.  Added:  DCD/DAC/STAT(2008)10,
23000,21028,2025,IUEF,International University Exchange Fund - IUEF Stip. in Africa and Latin America,FIEU,Fonds international d’échanges universitaires - Échanges intéressant l’Afrique et l’Amérique latine,100,,B01,B01,Not MCD,,,,Not a major channel of delivery:  DCD/DAC/STAT(2011)7/REV1.  ,
23000,21003,2025,CLASCO,Latin American Council for Social Sciences ,CLASCO,Conseil latino-américain des sciences sociales,100,,B01,B01,Not MCD,,,,Not a major channel of delivery:  DCD/DAC/STAT(2011)7/REV1.  ,
23000,23501,2025,,National Red Cross and Red Crescent Societies,,Sociétés nationales de la Croix-Rouge et du Croissant-Rouge,Not assessed,,B01,B01,MCD,,,,Added as part of the Channel Pilot:  DCD/DAC/STAT(2017)13,
23000,21030,2025,PAID,Pan African Institute for Development,IPD,Institut panafricain pour le développement,100,,B01,B01,Not MCD,,,,Not a major channel of delivery:  DCD/DAC/STAT(2011)7/REV1.  ,
23000,21055,2025,RATN,Regional AIDS Training Network,RRFS,Réseau régional de formation sur le SIDA,100,,B01,B01,Not MCD,,,,Not a major channel of delivery:  DCD/DAC/STAT(2011)7/REV1.  Added:  DCD/DAC/STAT(2008)10,
30000,30000,,,PUBLIC-PRIVATE PARTNERSHIPS (PPPs) and NETWORKS,,PARTENARIATS PUBLIC-PRIVÉ ET RÉSEAUX,,,,,,,,,,
30000,31000,,,Public-Private Partnership (PPP),,Partenariat public-privé (PPP),,,,,,,,,,
31000,30018,2025,AFC,Africa Finance Corporation,AFC,Africa Finance Corporation,100,,B01,B01,MCD,,,,Added: DCD/DAC/STAT(2021)4,
31000,30008,2025,,Cities Alliance,,Alliance pour les villes,100,,B01,B01,MCD,,,,Added:  DCD/DAC/STAT(2006)15,
31000,31006,2025,CEPI,Coalition for Epidemic Preparedness Innovations,CIPE,Coalition pour les innovations en matière de préparation aux épidémies,88,,B01,B01,Not MCD,,,,ODA-eligible but not added to Annex 2 List; channel code created in single table [DCD/DAC/STAT(2018)35].,
31000,30019,2025,TCX,Currency Exchange Fund N.V.,TCX,Currency Exchange Fund N.V.,100,,B01,B01,Not MCD,,,,Added: DCD/DAC/STAT(2021)4,
31000,30016,2025,EFSE,European Fund for Southeast Europe,EFSE,European Fund for Southeast Europe,100,,B01,B01,MCD,,,,Added:  DCD/DAC/STAT(2012)9,
31000,30007,2025,GAID,Global Alliance for ICT and Development,GAID,Alliance mondiale pour les TIC et le développement,100,,B01,B01,MCD,,,,Added:  DCD/DAC/STAT(2007)7,
31000,30001,2025,GAIN,Global Alliance for Improved Nutrition ,GAIN,Alliance mondiale pour une meilleure nutrition ,100,,B01,B01,MCD,,,,Added:  DCD/DAC/STAT(2003)2,
31000,30012,2025,GCPF,Global Climate Partnership Fund,GCPF,Global Climate Partnership Fund,100,,B01,B01,MCD,,,,Added: DCD/DAC/STAT(2010)5,
31000,47043,2025,,Global Crop Diversity Trust ,,Global Crop Diversity Trust,100,,B01,B01,MCD,,,,Change of Channel Category:  DCD/DAC/STAT(2012)6/REV1. Renamed:  DCD/DAC/STAT(2005)9,
31000,30015,2025,GEEREF,Global Energy Efficiency and Renewable Energy Fund,GEEREF,Fonds mondial pour la promotion de l'efficacité énergétique et des énergies renouvelables,100,,B01,B01,MCD,,,,"Change of channel category (formerly 42006 under EU Institutions): DCD/DAC/STAT(2010)5.  Moved from ""Other Multilateral Institutions"" and code 47114 deleted. Now under EC as stated in DCD/DAC/STAT(2008)10; Added:  DCD/DAC/STAT(2008)10",
31000,30020,2025,GEEREF II,Global Energy Efficiency and Renewable Energy Fund II,GEEREF II,Fonds mondial pour la promotion de l'efficacité énergétique et des énergies renouvelables II,100,,B01,B01,MCD,,,,Added: DCD/DAC/STAT(2021)4,
31000,30003,2025,GeSCI,Global e-Schools and Communities Initiative ,GeSCI,Initiative mondiale en faveur de l’informatique dans les écoles et dans les communautés ,100,,B01,B01,MCD,,,,Added:  DCD/DAC/STAT(2005)9,
31000,30004,2025,GWP,Global Water Partnership ,GWP,Partenariat mondial pour l'eau,100,,B01,B01,MCD,,,,Added:  DCD/DAC/STAT(2004)3,
31000,30005,2025,IAVI,International AIDS Vaccine Initiative ,IAVI,Initiative internationale pour un vaccin contre le SIDA,100,,B01,B01,MCD,,,,Added:  DCD/DAC/STAT(2003)2,
31000,30006,2025,IPM,International Partnership on Microbicides ,IPM,Partenariat international pour des microbicides ,100,,B01,B01,MCD,,,,Added:  DCD/DAC/STAT(2003)2,
31000,30011,2025,IUCN,International Union for the Conservation of Nature,UICN,Union internationale pour la conservation de la nature,100,,B01,B01,MCD,,,,Reclassified:  DCD/DAC/STAT(2008)10 ,
31000,30013,2025,MEF,Microfinance Enhancement Facility,MEF,Mécanisme de soutien au microfinancement,100,,B01,B01,MCD,,,,Added: DCD/DAC/STAT(2010)5,
31000,30014,2025,REGMIFA,"Regional Micro, Small and Medium Enterprise Investment Fund for Sub-Saharan Africa",REGMIFA,"Fonds régional d’investissement pour les très petites, petites et moyennes entreprises d’Afrique subsaharienne",100,,B01,B01,MCD,,,,Added: DCD/DAC/STAT(2010)5,
31000,21056,2025,REEEP,Renewable Energy and Energy Efficiency Partnership,REEEP,Partenariat pour les énergies renouvelables et l'efficience énergétique,100,,B01,B01,MCD,,,,Channel category changed:  DCD/DAC/STAT(2011)7/REV1.  Added:  DCD/DAC/STAT(2008)10,
31000,30017,2025,SANAD,"SANAD Fund for Micro, Small and Medium Enterprises",SANAD,"SANAD Fund for Micro, Small and Medium Enterprises",100,,B01,B01,MCD,,,,Added:  DCD/DAC/STAT(2012)9,
31000,30009,2025,SAS,Small Arms Survey,SAS,Small Arms Survey,100,,B01,B01,MCD,,,,Added:  DCD/DAC/STAT(2007)7,
30000,32000,,,Network,,RÉSEAU,,,,,,,,,,
32000,47010,2025,CAPAM,Commonwealth Agency for Public Administration and Management ,CAPAM,Agence du Commonwealth pour l'administration et la gestion publiques,100,,B01,B01,MCD,,,,Change of Channel Category:  DCD/DAC/STAT(2012)6/REV1.  Added:  DCD/DAC/STAT(2012)6/REV1,
32000,47028,2025,CPTM,Commonwealth Partnership for Technical Management ,CPTM,Partenariat pour la gestion technique (Commonwealth),100,,B01,B01,MCD,,,,Changed channel category:  Summary Record of 2012 WP-STAT meeting.,
32000,31007,2025,DNDi,Drugs for Neglected Diseases initative,DNDi,Initiative médicaments contres les maladies négligées,100,,B01,B01,MCD,,,,Added: DCD/DAC/STAT(2021)30,
32000,21043,2025,AWEPA,European Parliamentarians for Africa,AWEPA,Association des parlementaires d’Europe pour l’Afrique,100,,B01,B01,MCD,,,,Channel category changed:  DCD/DAC/STAT(2011)7/REV1.  Added:  DCD/DAC/STAT(2006)15,
32000,31004,2025,EITI,Extractive Industries Transparency Initiative International Secretariat,ITIE,Secrétariat de l'Initiative pour la transparence dans les industries extractives,100,,B01,B01,MCD,,,,Added: DCD/DAC/STAT(2010)5,
32000,31001,2025,GDN,Global Development Network,GDN,Réseau de développement mondial,100,,B01,B01,MCD,,,,Added:  DCD/DAC/STAT(2007)7,
32000,31002,2025,GKP,Global Knowledge Partnership,GKP,Alliance mondiale pour le savoir ,100,,B01,B01,MCD,,,,Added:  DCD/DAC/STAT(2005)9,
32000,31003,2025,ILC,International Land Coalition,ILC,Coalition internationale pour l'accès à la terre ,100,,B01,B01,MCD,,,,Added: DCD/DAC/STAT(2010)5,
32000,31005,2025,PNoWB,Parliamentary Network on the World Bank,RPsBM,Réseau parlementaire sur la Banque mondaile,100,,B01,B01,Not MCD,,,,"Not a major channel of delivery, channel category changed:  DCD/DAC/STAT(2011)7/REV1.  Added:  DCD/DAC/STAT(2010)5",
32000,31008,2025,FIND,Foundation for Innovative New Diagnostics,FIND,Fondation pour les nouveaux diagnostics innovants,100,,B01,B01,Not MCD,,,,Added: DCD/DAC/STAT(2023)43,
40000,40000,,,MULTILATERAL ORGANISATIONS,,ORGANISATIONS MULTILATÉRALES,,,,,,,,,,
40000,41000,,,"United Nations agency, fund or commission (UN)",,"Agence, fonds ou commission des Nations unies (NU)",,,,,,,,,,
41000,41100,,,UN entities (core contributions reportable in full),,Entités des Nations Unies (contributions aux budgets reguliers à déclarer dans leur intégralité),,,,,,,,,New Channel Category:DCD/DAC/STAT(2020)47,
41100,41101,2025,UNCCD,Convention to Combat Desertification ,CCD ,Convention sur la lutte contre la désertification ,100,,B02,B021,MCD,,,,Change of Channel Category:DCD/DAC/STAT(2020)47;Renamed:  DCD/DAC/STAT(2008)5,
41100,41103,2025,ECA,Economic Commission for Africa ,CEA,Commission économique pour l'Afrique,100,,B02,B021,MCD,,,,Change of Channel Category:DCD/DAC/STAT(2020)47,
41100,41107,2025,IAEA-TCF,International Atomic Energy Agency (Contributions to Technical Cooperation Fund Only),AIEA-FTC,Agence internationale de l'énergie atomique (Contributions au Fonds de Coopération Technique uniquement),100,,B02,B022,MCD,x,,,Change of Channel Category:DCD/DAC/STAT(2020)47;Renamed:  DCD/DAC/STAT(2008)10,
41100,41108,2025,IFAD,International Fund for Agricultural Development ,FIDA,Fonds international de développement agricole,100,988,B02,B021,MCD,x,,,Change of Channel Category:DCD/DAC/STAT(2020)47,
41100,47153,2025,ACC,IFAD Core Additional Climate Contributions,ACC,FIDA Contributions Additionnelles de Base pour le Climat,100,,B02,B02,Not MCD,,,,Added: DCD/DAC/STAT(2025)57,
41100,41144,2025,ILO-RBSA,International Labour Organisation - Regular Budget Supplementary Account,OIT-CSBO,Organisation internationale du Travail - Compte supplémentaire du budget ordinaire,100,,B02,B021,MCD,x,,,Change of Channel Category:DCD/DAC/STAT(2020)47;Added: DCD/DAC/STAT(2010)5,
41100,41145,2025,IMO-TCF,International Maritime Organization - Technical Co-operation Fund,OMI-PICT,Organisation maritime internationale - Programme intégré de coopération technique,100,,B02,B022,MCD,,,,Change of Channel Category:DCD/DAC/STAT(2020)47,
41100,47066,2025,IOM,International Organisation for Migration ,OIM,Organisation internationale des migrations ,100,,B02,B021,MCD,,,,Change of Channel Category:DCD/DAC/STAT(2020)47;Change of Channel Category:  DCD/DAC/STAT(2019)17,
41100,47083,2025,PAHO,Pan-American Health Organisation ,OPS,Organisation panaméricaine de la santé,100,,B02,B021,MCD,,,,Change of Channel Category:DCD/DAC/STAT(2020)47,
41100,41110,2025,UNAIDS,Joint United Nations Programme on HIV/AIDS ,ONUSIDA,Programme commun des Nations Unies sur le VIH/SIDA,100,,B02,B021,MCD,x,,,Change of Channel Category:DCD/DAC/STAT(2020)47,
41100,41320,2025,UN-TBLDC,Technology Bank for Least Developed Countries,UN-TBLDC,Banque de Technologies en faveur des Pays les Moins Avancés,100,,B02,B021,MCD,,,,Change of Channel Category:DCD/DAC/STAT(2020)47;Added:  DCD/DAC/STAT(2018)35,
41100,41111,2025,UNCDF,United Nations Capital Development Fund ,FENU,Fonds d’équipement des Nations Unies ,100,,B02,B021,MCD,,,,Change of Channel Category:DCD/DAC/STAT(2020)47;Added:  DCD/DAC/STAT(2001)6,
41100,41112,2025,UNCTAD,United Nations Conference on Trade and Development ,CNUCED,Conférence des Nations Unies sur le commerce et le développement,100,,B02,B021,MCD,,,,Change of Channel Category:DCD/DAC/STAT(2020)47,
41100,41149,2025,UNDCO,United Nations Development Coordination Office,UNDCO,Bureau de la coordination des activités de développement des Nations Unies,100,,B02,B021,MCD,,,,Change of Channel Category:DCD/DAC/STAT(2020)47;Added:  DCD/DAC/STAT(2019)17,
41100,41114,2025,UNDP,United Nations Development Programme ,PNUD,Programme des Nations Unies pour le développement,100,959,B02,B021,MCD,x,,,Change of Channel Category:DCD/DAC/STAT(2020)47,
41100,41116,2025,UNEP,United Nations Environment Programme ,PNUE,Programme des Nations Unies pour l'environnement,100,,B02,B021,MCD,x,,,Change of Channel Category:DCD/DAC/STAT(2020)47,
41100,41119,2025,UNFPA,United Nations Population Fund ,UNFPA,Fonds des Nations Unies pour la population,100,974,B02,B021,MCD,x,,,Change of Channel Category:DCD/DAC/STAT(2020)47;Renamed:  DCD/DAC/STAT(2008)5,
41100,41120,2025,UN Habitat,United Nations Human Settlement Programme ,UN Habitat,Programme des Nations Unies pour les établissements humains,100,,B02,B021,MCD,,,,Change of Channel Category:DCD/DAC/STAT(2020)47;Renamed:  DCD/DAC/STAT(2004)3,
41100,41121,2025,UNHCR,United Nations Office of the High Commissioner for Refugees,HCR,Haut Commissariat des Nations Unies pour les réfugiés,100,967,B02,B021,MCD,x,,,Change of Channel Category:DCD/DAC/STAT(2020)47,
41100,41122,2025,UNICEF,United Nations Children’s Fund ,UNICEF,Fonds des Nations Unies pour l'enfance,100,963,B02,B021,MCD,x,,,Change of Channel Category:DCD/DAC/STAT(2020)47,
41100,41123,2025,UNIDO,United Nations Industrial Development Organisation ,ONUDI,Organisation des Nations Unies pour le développement industriel,100,,B02,B021,MCD,,,,Change of Channel Category:DCD/DAC/STAT(2020)47,
41100,30010,2025,UNITAID,International drug purchase facility,UNITAID,Facilité internationale d'achat de médicaments,100,,B02,B021,MCD,,,,Change of Channel Category:DCD/DAC/STAT(2020)47;Change of Channel Category:  DCD/DAC/STAT(2012)1.  Added:  DCD/DAC/STAT(2007)7,
41100,41125,2025,UNITAR,United Nations Institute for Training and Research ,UNITAR,Institut des Nations Unies pour la formation et la recherche ,100,,B02,B021,MCD,,,,Change of Channel Category:DCD/DAC/STAT(2020)47,
41100,41127,2025,UNOCHA,United Nations Office of Co-ordination of Humanitarian Affairs ,OCHA,Bureau des Nations Unies pour la coordination de l'assistance humanitaire,100,,B02,B021,MCD,,,,Change of Channel Category:DCD/DAC/STAT(2020)47;Renamed:  DCD/DAC/STAT(2006)15,
41100,41146,2025,UNWOMEN,United Nations Entity for Gender Equality and the Empowerment of Women,ONU Femmes,Entité des Nations Unies pour l'égalité des sexes et l'autonomisation de la femme,100,,B02,B021,MCD,,,,Change of Channel Category:DCD/DAC/STAT(2020)47;Added:  DCD/DAC/STAT(2011)16,
41100,41129,2025,UNRISD,United Nations Research Institute for Social Development ,UNRISD,Institut de recherche des Nations Unies pour le développement social ,100,,B02,B021,MCD,,,,Change of Channel Category:DCD/DAC/STAT(2020)47;Renamed:  DCD/DAC/STAT(2008)5,
41100,41131,2025,UNSSC,United Nations System Staff College ,UNSSC,Ecole des cadres du système des Nations Unies,100,,B02,B021,MCD,,,,Change of Channel Category:DCD/DAC/STAT(2020)47;Renamed Acronym:  DCD/DAC/STAT(2008)5  Renamed:  DCD/DAC/STAT(2003)2,
41100,41134,2025,UNU,United Nations University (including Endowment Fund) ,UNU,Université des Nations Unies (y compris le Fonds de dotation),100,,B02,B021,MCD,,,,Change of Channel Category:DCD/DAC/STAT(2020)47,
41100,41135,2025,UNV,United Nations Volunteers ,UNV,Programme des volontaires des Nations Unies ,100,,B02,B021,MCD,,,,Change of Channel Category:DCD/DAC/STAT(2020)47,
41100,41130,2025,UNRWA,United Nations Relief and Works Agency for Palestine Refugees in the Near East,UNRWA,Office de secours et de travaux des Nations Unies pour les réfugiés de Palestine dans le Proche-Orient,100,964,B02,B021,MCD,x,,,Change of Channel Category:DCD/DAC/STAT(2020)47;Renamed:  DCD/DAC/STAT(2008)5,
41100,41140,2025,WFP,World Food Programme ,PAM,Programme alimentaire mondial,100,966,B02,B021,MCD,x,,,Change of Channel Category:DCD/DAC/STAT(2020)47,
41100,41143,2025,WHO-CVCA,World Health Organisation - core voluntary contributions account,OMS-CVSOD,Organisation mondiale de la santé - compte de contributions volontaires sans objet désigné,100,930,B02,B021,MCD,,,,Change of Channel Category:DCD/DAC/STAT(2020)47,
41100,45002,2025,WTO-ACWL,World Trade Organisation - Advisory Centre on WTO Law,OMC-CCLO,Centre consultatif sur la législation de l'Organisation mondiale du commerce,100,,B02,B021,MCD,,,,Change of Channel Category:DCD/DAC/STAT(2020)47;Renamed:  DCD/DAC/STAT(2006)15,
41100,45003,2025,WTO-GTF,World Trade Organisation Global Trust Fund,OMC-FGAS,Organisation mondiale du commerce - Fonds global d'affectation spéciale ,100,,B02,B021,MCD,,,,Change of Channel Category:DCD/DAC/STAT(2020)47;Renamed:  DCD/DAC/STAT(2003)2,
41100,45001,2025,WTO-ITC,World Trade Organisation - International Trade Centre ,OMC-CCI,Centre du commerce international de l'Organisation mondiale du commerce,100,,B02,B021,MCD,,,,Change of Channel Category:DCD/DAC/STAT(2020)47,
41000,41300,,,Other UN (Core Contributions Reportable in Part),,Autres Nations Unies (contributions comptabilisables pour partie),,,,,,,,,,
41300,41305,2025,UN,United Nations,ONU,Organisation des Nations Unies,52,938,B02,B021,MCD,,,,Coefficient increased from 47%: DCD/DAC/STAT(2021)20/REV3; Change of Channel Category:DCD/DAC/STAT(2020)47;Coefficient increased from 18%: DCD/DAC/STAT(2020)19; Coefficient increased from 12%: DCD/DAC/STAT(2013)12; Renamed:  DCD/DAC/STAT(2008)5,
41300,41301,2025,FAO,Food and Agricultural Organisation,FAO,Organisation des Nations Unies pour l'alimentation et l'agriculture,83,932,B02,B021,MCD,x,,,Change of Channel Category:DCD/DAC/STAT(2020)47;Coefficient increased from 51%:  DCD/DAC/STAT(2019)17.  Request to increase coefficient to 66% was rejected by WP-STAT: DCD/DAC/STAT(2010)5.  Coefficient agreed:  DCD/DAC/STAT(2003)2,
41300,41151,2025,IARC,International Agency for Research on Cancer,CIRC,Centre international de recherche sur le cancer,51,,B02,B021,MCD,,,,Change of Channel Category:DCD/DAC/STAT(2020)47;Added:  DCD/DAC/STAT(2020)16,
41300,41312,2025,IAEA-Assessed,International Atomic Energy Agency - assessed contributions,AIEA-obligatoires,Agence internationale de l'énergie atomique - contributions obligatoires,33,941,B02,B021,MCD,,,,Change of Channel Category:DCD/DAC/STAT(2020)47;Added:  DCD/DAC/STAT(2009)6,
41300,41302,2025,ILO-Assessed,International Labour Organisation - Assessed Contributions,OIT-Obligatoires,Organisation internationale du travail - contributions obligatoires,60,940,B02,B021,MCD,x,,,Change of Channel Category:DCD/DAC/STAT(2020)47;Coefficient increased from 15%: DCD/DAC/STAT(2010)5,
41300,41303,2025,ITU,International Telecommunications Union,UIT,Union internationale des télécommunications,18,937,B02,B021,MCD,,,,Change of Channel Category:DCD/DAC/STAT(2020)47;,
41300,41306,2025,UPU,Universal Postal Union ,UPU,Union postale universelle,16,936,B02,B021,MCD,,,,Change of Channel Category:DCD/DAC/STAT(2020)47;Coefficient agreed:  DCD/DAC/STAT(2003)2,
41300,41310,2025,UNDPO,"United Nations Department of Peace Operations – UN peacekeeping operations [only MINURSO, MINUSCA, MINUSMA, MINUJUSTH, MONUSCO, UNAMID, UNIFIL, UNISFA, UNMIK, UNMIL, UNMISS, UNOCI]. Report contributions mission by mission in CRS++.",UNDPO,"Département des opérations de paix des Nations unies. Opérations de maintien de la paix [seulement MINURSO,MINUSCA,MINUSMA, MINUSTAH,MONUSCO,MINUAD, FINUL,FISNUA,MINUK, MINUL,UNMISS,ONUCI]. Notifier les contributions mission par mission au format SNPC++.",15,943,B02,B021,MCD,,,,Change of Channel Category:DCD/DAC/STAT(2020)47;List of eligible operations adjusted to reflect MINUJUSTH as a follow-on mission to MINUSTAH which terminated in 2017 (updated 2019).  Revised coefficient (increased from 7%):  DCD/DAC(2017)24.  MINUSCA added:  DCD/DAC/STAT(2015)20. Coefficient increased from 6%: DCD/DAC/STAT/RD(2013)1/RD6. Coefficient reviewed and confirmed:  DCD/DAC/STAT(2012)3. Coefficient decreased from 7% and name updated: DCD/DAC/STAT(2010)9. Revised to exclude certain missions: DCD/DAC/STAT(2009)8; Renamed:  DCD/DAC/STAT(2008)5.  Coefficient agreed:  DCD/DAC/STAT(2007)8 and DCD/DAC/STAT(2006)4.,
41300,41314,2025,UNECE,United Nations Economic Commission for Europe (extrabudgetary contributions only),CEE-ONU,Commission économique des Nations unies pour l'Europe (contributions extrabudgétaires uniquement),58,948,B02,B021,MCD,x,,,Coefficient decreased: DCD/DAC/STAT(2021)20/REV3; Change of Channel Category:DCD/DAC/STAT(2020)47;Added: DCD/DAC/STAT(2009)6,
41300,41304,2025,UNESCO,"United Nations Educational, Scientific and Cultural Organisation",UNESCO,"Organisation des Nations Unies pour l’éducation, la science et la culture ",60,942,B02,B021,MCD,,,,Change of Channel Category:DCD/DAC/STAT(2020)47;Coefficient increased from 44%: DCD/DAC/STAT(2010)5   Revised coefficient agreed from 25%: DCD/DAC/STAT(2009)6,
41300,41316,2025,UNFCCC,United Nations Framework Convention on Climate Change ,CCNUCC,Convention-cadre des Nations unies sur les changements climatiques,61,924,B02,B021,MCD,,,,Change of Channel Category:DCD/DAC/STAT(2020)47,
41300,41313,2025,OHCHR,United Nations High Commissioner for Human Rights (extrabudgetary contributions only),HCDH,Haut-Commissariat des Nations unies aux droits de l'homme (contributions extrabudgétaires uniquement),88,946,B02,B021,MCD,,,,Change of Channel Category:DCD/DAC/STAT(2020)47;Revised coefficient:  DCD/DAC/STAT(2017)13.  Added: DCD/DAC/STAT(2009)6,
41300,41315,2025,UNDRR,United Nations Office for Disaster Risk Reduction,UNDRR,Bureau des Nations Unies pour la prévention de catastrophes,75,977,B02,B021,MCD,,,,Change of Channel Category:DCD/DAC/STAT(2020)47;Added: DCD/DAC/STAT(2010)5,
41300,41502,2025,UNOPS,United Nations Office for Project Services,UNOPS,Le Bureau des Nations Unies pour les services d'appui aux projets ,Not assessed,,Not applicable,Not applicable,Not MCD,,,,Change of Channel Category:DCD/DAC/STAT(2020)47;Added as part of the Channel Pilot: DCD/DAC/STAT(2014)9.,
41300,41307,2025,WHO-Assessed,World Health Organisation - assessed contributions,OMS-obligatoires,Organisation mondiale de la santé - contributions obligatoires,76,931,B02,B021,MCD,x,,,Change of Channel Category:DCD/DAC/STAT(2020)47;Revised coefficient agreed: DCD/DAC/STAT(2009)6; Coefficient agreed:  DCD/DAC/STAT(2003)2,
41300,41321,2025,WHO-SPRP,World Health Organisation - Strategic Preparedness and Response Plan,OMS-PSPI,Organisation mondiale de la santé - Plan stratégique de préparation et d'intervention,88,,B02,B021,MCD,,,,Added: DCD/DAC/STAT(2021)34,
41300,41308,2025,WIPO,World Intellectual Property Organisation ,OMPI,Organisation mondiale de la propriété intellectuelle ,3,814,B02,B021,MCD,,,,Change of Channel Category:DCD/DAC/STAT(2020)47;Coefficient agreed:  DCD/DAC/STAT(2003)2,
41300,41309,2025,WMO,World Meteorological Organisation ,OMM,Organisation météorologique mondiale,4,933,B02,B021,MCD,,,,Change of Channel Category:DCD/DAC/STAT(2020)47;Coefficient agreed:  DCD/DAC/STAT(2003)2,
41300,41319,2025,UNWTO,World Tourism Organization,OMT,Organisation mondiale du tourisme ,89,,B02,B021,Not MCD,x,,,Change of Channel Category:DCD/DAC/STAT(2020)47;Added:  DCD/DAC/STAT(2017)13,
41300,41150,2025,UNIDIR,United Nations Institute for Disarmament Research,UNIDIR,Institut des Nations Unies pour la recherche sur le désarmement,36,,B02,B021,Not MCD,,,,Revised coefficient (DCD/DAC/STAT(2023)43); Change of Channel Category:DCD/DAC/STAT(2020)47;Added:  DCD/DAC/STAT(2019)17 ,
41300,41104,2025,ECLAC,Economic Commission for Latin America and the Caribbean,CEPALC,Commission économique pour l'Amérique latine et les Caraïbes,60,,B02,B021,MCD,,,,Coefficient decreased: DCD/DAC/STAT(2021)20/REV3; Change of Channel Category:DCD/DAC/STAT(2020)47;Renamed:  DCD/DAC/STAT(2006)15,
41300,41105,2025,ESCWA,Economic and Social Commission for Western Asia,CESAO,Commission économique et sociale pour l'Asie occidentale,87,,B02,B021,MCD,,,,Coefficient decreased: DCD/DAC/STAT(2021)20/REV3; Change of Channel Category:DCD/DAC/STAT(2020)47;Renamed:  DCD/DAC/STAT(2006)15,
41300,41106,2025,ESCAP,Economic and Social Commission for Asia and the Pacific ,CESAP,Commission économique et sociale pour l'Asie et le Pacifique,72,,B02,B021,MCD,,,,Coefficient decreased: DCD/DAC/STAT(2021)20/REV3; Change of Channel Category:DCD/DAC/STAT(2020)47,
41300,41128,2025,UNODC,United Nations Office on Drugs and Crime ,UNODC,Office des Nations Unies contre la drogue et le crime,71,,B02,B021,MCD,,,,Coefficient decreased: DCD/DAC/STAT(2021)20/REV3; Change of Channel Category:DCD/DAC/STAT(2020)47;Renamed:  DCD/DAC/STAT(2008)5,
41000,41400,,,UN inter-agency pooled funds,,Fonds communs interinstitutions des Nations Unies,,,,,,,,,New Channel Category:DCD/DAC/STAT(2020)47,
41400,41147,2025,CERF,Central Emergency Response Fund,CERF,Fonds central pour les interventions d'urgence,100,,B02,B022,MCD,,,,Change of Channel Category:DCD/DAC/STAT(2020)47;Added:  DCD/DAC/STAT(2011)16,
41400,41403,2025,COVID-19 MPTF,COVID-19 Response and Recovery Multi-Partner Trust Fund,COVID-19 MPTF,COVID-19 Response and Recovery Multi-Partner Trust Fund,100,,B02,B022,MCD,,,,Added: DCD/DAC/STAT(2021)30,
41400,41402,2025,Joint SDG Fund,Joint Sustainable Development Goals Fund,Fonds conjoint des ODD,Fonds conjoint des objectifs de développement durable,100,,B02,B022,MCD,,,,Added: DCD/DAC/STAT(2021)30,
41400,41503,2025,UN-CBPF,UN-led Country-based Pooled Funds,,Fonds communs nationaux dirigés par les Nations unies,,,B03,B031,MCD,,,,Change of Channel Category:DCD/DAC/STAT(2020)47;Added as part of the Channel Pilot:  DCD/DAC/STAT(2017)13,
41400,41141,2025,PBF,United Nations Peacebuilding Fund,PBF,Fonds des Nations Unies pour la consolidation de la paix,100,,B02,B022,MCD,x,,,Change of Channel Category:DCD/DAC/STAT(2020)47;Added: DCD/DAC/STAT(2008)10,
41400,41401,2025,UN-MPTFO,UN-Multi Partner Trust Fund Office,UN-MPTFO,UN-Multi Partner Trust Fund Office,,,,B031,MCD,,,,Added:DCD/DAC/STAT(2020)47,
41400,41501,2025,UN-REDD,United Nations Reducing Emissions from Deforestation and Forest Degradation,ONU-REDD,Réduction des émissions liées à la déforestation et à la dégradation des forêts,Not assessed,,B03,B031,Not MCD,,,,Change of Channel Category:DCD/DAC/STAT(2020)47;Added as part of the Channel Pilot: DCD/DAC/STAT(2014)9.,
41000,41500,,,UN single-agency thematic funds,,Fonds thématiques uniques des Nations Unies,,,,,,,,,New Channel Category:DCD/DAC/STAT(2020)47,
41500,41148,2025,UNDPPA-SZA,"United Nations Department of Political and Peacebuilding Affairs, Trust Fund in Support of Political Affairs.",UNDPPA-SZA,"Département des affaires politiques et de consolidation de la paix des Nations Unies, Fonds d'affectation spéciale à l'appui des affaires politiques.",100,,B02,B032,MCD,,,,Change of Channel Category:DCD/DAC/STAT(2020)47,
41000,41600,,,Existing UN channels not included in Standard I - UN entity- of the UN Data Cube reporting framework,,Canaux de l'ONU existants non inclus dans la norme I du cadre de reporting du cube de l'ONU,,,,,,,,,New Channel Category:DCD/DAC/STAT(2020)47,
41600,41318,2025,GM,Global Mechanism,MM,Mécanisme mondial,100,,B02,B032,MCD,,,,"Change of Channel Category:DCD/DAC/STAT(2020)47;Added:  DCD/DAC/STAT(2015)22
Sub-entity of UNCCD UN Convention to Combat Desertification ",
41600,47065,2025,IOC,Intergovernmental Oceanographic Commission ,COI,Commission océanographique intergouvernementale,100,,B02,B032,Not MCD,,,,"Change of Channel Category:DCD/DAC/STAT(2020)47; Sub-entity of UNESCO United Nations Educational, Scientific and Cultural Organisation",
41600,47078,2025,Montreal Protocol,Multilateral Fund for the Implementation of the Montreal Protocol ,Protocol de Montréal,Fonds multilatéral pour l’application du Protocole de Montréal ,100,812,B02,B022,MCD,x,,,Renamed:  DCD/DAC/STAT(2003)2; Change of Channel Category:DCD/DAC/STAT(2020)47; Sub-entity of UNEP United Nations Environment Programme ,
41600,41142,2025,UNDEF,United Nations Democracy Fund,FNUD,Fonds des Nations Unies pour la démocratie,100,,B02,B032,MCD,,,,Change of Channel Category:DCD/DAC/STAT(2020)47;Added: DCD/DAC/STAT(2008)10; Sub-entity of the UN Secretariat,
41600,41126,2025,UNMAS,United Nations Mine Action Service ,UNMAS,Service de l'action antimines des Nations Unies,100,,B02,B022,MCD,,,,Change of Channel Category:DCD/DAC/STAT(2020)47;Added:  DCD/DAC/STAT(2002)3; Sub-entity of UN DPO UN Department of Peace Operations,
41600,41133,2025,UNSIA,United Nations Special Initiative on Africa ,UNSIA,Initiative spéciale des Nations Unies pour l'Afrique,100,,B02,B032,MCD,,,,Change of Channel Category:DCD/DAC/STAT(2020)47; Sub-entity of ECA Economic Commission for Africa ,
41600,41132,2025,UNSCN,United Nations System Standing Committee on Nutrition ,UNSCN,Comité permanent de la nutrition du système des Nations Unies,100,,B02,Not applicable,MCD,,,,Change of Channel Category:DCD/DAC/STAT(2020)47;Added:  DCD/DAC/STAT(2003)2; Sub-entity of FAO Food and Agricultural Organisation. UNSCN has been merged under UN Nutrition as of 1 January 2021,
41600,41137,2025,UNVFTC,United Nations Voluntary Fund for Technical Co-operation in the Field of Human Rights,,Fonds de contributions volontaires des Nations Unies pour la coopération technique dans le domaine des droits de l'homme,100,,B02,B032,MCD,,,,Change of Channel Category:DCD/DAC/STAT(2020)47; Sub entity of OHCHR United Nations High Commissioner for Human Rights,
41600,41138,2025,UNVFVT,United Nations Voluntary Fund for Victims of Torture ,,Fonds de contributions volontaires des Nations Unies pour les victimes de la torture ,100,,B02,B032,MCD,,,,Change of Channel Category:DCD/DAC/STAT(2020)47;Renamed:  DCD/DAC/STAT(2003)2; Sub entity of OHCHR United Nations High Commissioner for Human Rights,
41600,41136,2025,UNVFD,United Nations Voluntary Fund on Disability ,,Fonds de contributions voluntaires des Nations Unies pour les handicapés,100,,B02,B032,MCD,,,,Sub-entity of UN DESA United Nations Department of Economic and Social Affairs; Change of Channel Category:DCD/DAC/STAT(2020)47;Added:  DCD/DAC/STAT(2001)6,
40000,42000,,,European Union Institution (EU),,Institution de l’Union européenne (UE) ,,,,,,,,,,
42000,42001,2025,EC,European Commission - Development Share of Budget,CE,Commission européenne - partie du budget affectée au développement,100,917,B02,B021,MCD,x,,,,
42000,42003,2025,EDF,European Commission - European Development Fund,FED,Commission européenne - Fonds européen de développement,100,918,B02,B021,MCD,x,,,,
42000,42004,2025,EIB,European Investment Bank ,BEI,Banque européenne d'investissement,100,919,B02,B021,MCD,x,,,"Use this code for reporting i) interest subsidies provided to soften the terms of loans administered by the EIB - classified as multilateral ODA and ii) contributions to EIB administered trust funds (FEMIP, NIF, EPTATF, EU AITF and ERI Fund) which are classified as bilateral ODA [cf. DCD/DAC/STAT(2011)16 and DCD/DAC/STAT(2018)35].  Capital subscriptions to the EIB are not reportable.  ",
40000,43000,,,International Monetary Fund (IMF),,Fonds monétaire international (FMI),,,,,,,,,,
43000,43006,2025,IMF-CCR,Catastrophe Containment and Relief Trust,FMI-ARC,Fonds fiduciaire d’assistance et de riposte aux catastrophes,100,,B02,B022,MCD,,,,Added:  DCD/DAC/STAT(2016)23/REV1,
43000,43005,2025,IMF-PCDR,International Monetary Fund - Post-Catastrophe Debt Relief Trust,FMI-ADAC,Fonds monétaire international  - Fonds fiduciaire pour l'allégement de la dette après une catastrophe,100,,B02,B022,MCD,x,,,Added:  DCD/DAC/STAT(2011)16,
43000,43002,2025,IMF-PRG-HIPC,"International Monetary Fund - Poverty Reduction and Growth - Heavily Indebted Poor Countries Debt Relief Initiative Trust Fund [includes HIPC, Extended Credit Facility (ECF), and ECF-HIPC sub-accounts] ",FMI-FRPC-PPTE,"Fonds monétaire international – Réduction de la pauvreté et croissance – Initiative d’allègement de la dette en faveur des pays pauvres très endettés [y compris Initiative PPTE, Facilité élargie de crédit (FEC) et sous-comptes (FEC-PPTE)]",100,949,B02,B022,MCD,x,,,Acronym and title amended: DCD/DAC/STAT(2010)5,
43000,43004,2025,IMF-PRG-MDRI,International Monetary Fund - Poverty Reduction and Growth - Multilateral Debt Relief Initiative Trust,FMI-FRPC-IADM,Fonds monétaire international – Facilité pour la réduction de la pauvreté et pour la croissance – Initiative d’allègement de la dette multilatérale,100,,B02,Not applicable,MCD,,,,The IMF-PRG-MDRI is closed (contributions can no longer be made) but the channel code is maintained for historical data,
43000,43001,2025,IMF-PRGT,International Monetary Fund - Poverty Reduction and Growth Trust ,FMI-FRPC,Fonds monétaire international – Facilité pour la réduction de la pauvreté et pour la croissance,100,958,B02,B022,MCD,x,,,Acronym and title amended: DCD/DAC/STAT(2010)5,
43000,43003,2025,IMF-EPCA-ENDA,International Monetary Fund - Subsidization of Emergency Post Conflict Assistance/Emergency Assistance for Natural Disasters for PRGT-eligible members,FMI-EPCA-ENDA,Fonds monétaire international – Aide d’urgence après un conflit (EPCA) et aide d’urgence à la suite de catastrophes naturelles (ENDA) pour les membres pouvant bénéficier de la FRPC,100,,B02,B022,MCD,x,,,Acronym and title amended: DCD/DAC/STAT(2010)5  Added:  DCD/DAC/STAT(2006)15,
43000,43007,2025,IMF-RST,IMF Resilience and Sustainability Trust,FMI-RST,Fonds monétaire international - Fonds fiduciaire pour la résilience et la durabilité,100,,B02,B022,MCD,,,,Added: DCD/DAC/STAT(2023)6/REV1,
40000,44000,,,World Bank Group (WB),,Groupe de la Banque mondiale (BM),,,,,,,,,,
44000,44006,2025,AMCs,Advance Market Commitments,AMC,Garanties de marché,100,,B02,B022,MCD,x,,,Added:  DCD/DAC/STAT(2007)10,
44000,44001,2025,IBRD,International Bank for Reconstruction and Development ,BIRD,Banque internationale pour la reconstruction et le développement,100,901,B02,B021,MCD,x,,,,
44000,44002,2025,IDA,International Development Association ,IDA,Association internationale de développement,100,905,B02,B021,MCD,x,,,,
44000,44003,2025,IDA-HIPC,International Development Association - Heavily Indebted Poor Countries Debt Initiative Trust Fund ,IDA-PPTE,Association internationale de développement - Fonds fiduciaire de l'IDA en faveur des pays pauvres très endettés,100,,B02,B022,MCD,x,,,,
44000,44007,2025,IDA-MDRI,International Development Association - Multilateral Debt Relief Initiative,IDA-IADM,Association internationale de développement - Initiative d’allégement de la dette multilatérale,100,904,B02,B021,MCD,x,,,Added: DCD/DAC/STAT(2008)10,
44000,44004,2025,IFC,International Finance Corporation ,SFI,Société financière internationale ,100,903,B02,B021,MCD,x,,,,
44000,44005,2025,MIGA,Multilateral Investment Guarantee Agency ,AMGI,Agence multilatérale de garantie des investissements,100,902,B02,B021,MCD,,,,,
44000,44008,2025,PMI,Partnership for Market Implementation,PMI,Partnership for Market Implementation,100,,B02,B021,Not MCD,,,,Added: DCD/DAC/STAT(2021)4,
46000,46000,,,Regional Development Bank,,Banque régionale de développement (BRD),,,,,,,,,,
46000,46002,2025,Afr.DB,African Development Bank,BAfD,Banque africaine de développement,100,913,B02,B021,MCD,x,,,"Revised to exclude the words ""ordinary capital"": DCD/DAC/STAT(2009)6.",
46000,46003,2025,Afr.DF,African Development Fund ,FAD,Fonds africain de développement,100,914,B02,B021,MCD,x,,,,
46000,46022,2025,Afreximbank,African Export Import Bank,Afreximbank,Banque Africaine d'Import-Export,100,,B02,B021,MCD,,,,Added:  DCD/DAC/STAT(2013)12,
46000,46004,2025,AsDB,Asian Development Bank,BAsD,Banque asiatique de développement,100,915,B02,B021,MCD,x,,,"Revised to exclude the words ""ordinary capital"": DCD/DAC/STAT(2009)6.",
46000,46005,2025,AsDF,Asian Development Fund ,FAsD,Fonds asiatique de développement,100,916,B02,B021,MCD,x,,,Renamed:  DCD/DAC/STAT(2011)16.,
46000,46026,2025,AIIB,Asian Infrastructure Investment Bank,BAII,Banque Asiatique d’Investissement dans les Infrastructures,85,,B02,B021,MCD,,,,Added:  DCD/DAC/STAT(2017)13,
46000,46006,2025,BSTDB,Black Sea Trade and Development Bank,BSTDB,Black Sea Trade and Development Bank,61,,B02,B021,MCD,,,,Revised coefficient and placement - code 47124 deleted: DCD/DAC/STAT(2009)6. Revised placement June 2008.  Added: DCD/DAC/STAT(2005)9.  For reference see DCD/DAC/STAT/A(2004)1/RD14.,
46000,46009,2025,CDB,Caribbean Development Bank ,BDC,Banque de développement des Caraïbes,100,906,B02,B021,MCD,x,,,,
46000,46020,2025,BDEAC,Central African States Development Bank,BDEAC,Banque de développement des États de l'Afrique Centrale,100,,B02,B021,MCD,,,,Added:  DCD/DAC/STAT(2011)16,
46000,46007,2025,CABEI,Central American Bank for Economic Integration ,BCAIE,Banque centroaméricaine d'intégration économique,100,910,B02,B021,MCD,,,,,
46000,46024,2025,CEB,Council of Europe Development Bank,CEB,Banque de Développement du Conseil de l'Europe,18,,B02,B021,MCD,x,,,Added:  DCD/DAC/STAT(2014)4,
46000,46008,2025,CAF,Development Bank of Latin America,CAF,Banque de développement de l'Amérique latine,100,,B02,B021,MCD,,,,Renamed Development Bank of Latin America (previously Andean Development Corporation) (updated 2019).,
46000,46023,2025,TDB,Eastern and Southern African Trade and Development Bank,TDB,Banque de l’Afrique de l’Est et de l’Afrique Australe pour le Commerce et le Développement,100,,B02,B021,,,,,Added:  DCD/DAC/STAT(2013)12,
46000,46015,2025,EBRD,European Bank for Reconstruction and Development,BERD,Banque européenne pour la reconstruction et le développement,71,,B02,B021,MCD,x,,,Revised coefficient (DCD/DAC/STAT(2023)43); Added: DCD/DAC/STAT(2010)5; ,
46000,46018,2025,EBRD-ETC,European Bank for Reconstruction and Development - Early Transition Countries Fund,BERD-ETC,Banque européenne de reconstruction et de développement - Initiative en faveur des pays en transition précoce,100,,B02,B022,MCD,,,,,
46000,46017,2025,EBRD TFs - All Countries,European Bank for Reconstruction and Development – technical co-operation and special funds (all EBRD countries of operations),BERD-CTFS tous pays,Banque européenne pour la reconstruction et le développement - coopération technique et fonds spéciaux (tous pays),71,,B02,B022,MCD,,,,Revised coefficient (DCD/DAC/STAT(2023)43); Added: DCD/DAC/STAT(2010)5; ,
46000,46016,2025,EBRD TFs - ODA Countries Only,European Bank for Reconstruction and Development – technical co-operation and special funds (ODA-eligible countries only),BERD-CTFS pays éligibles à l'APD,Banque européenne pour la reconstruction et le développement - coopération technique et fonds spéciaux (pays éligibles à l'APD),100,,B02,B022,MCD,,,,Added DCD/DAC/STAT(2010)5,
46000,46019,2025,EBRD-WBJTF,European Bank for Reconstruction and Development - Western Balkans Joint Trust Fund,BERD-FSpBO,Banque européenne de reconstruction et de développement - Fonds spécial pour les Balkans occidentaux,100,,B02,B022,MCD,,,,Change of name and channel category (formerly code 47126 Other multilateral institutions) DCD/DAC/STAT(2010)5.  Added:  DCD/DAC/STAT(2007)7  (Incorrectly classified as a Regional Bank - 46014.  Corrected June 2008),
46000,46027,2025,FONPLATA,Financial Fund for the Development of the River Plate Basin,FONPLATA,Fonds financier pour le développement du bassin fluvial de la Plata,75,,B02,B021,,,,,Added: DCD/DAC/STAT(2019)34 ,
46000,46013,2025,IDB FSO,"Inter-American Development Bank, Fund for Special Operations ",BID FOS,"Banque interaméricaine de développement, Fonds opérations spécial",100,912,B02,B021,MCD,x,,,"Named updated after consulation with IDB, June 2012.  Part of the IADB´s ordinary capital since 2016.
",
46000,46012,2025,IDB,"Inter-American Development Bank, Inter-American Investment Corporation and Multilateral Investment Fund ",BID,"Banque interaméricaine de développement, Société interaméricaine d'investissements, Fonds multilatéral d'investissements",100,909,B02,B021,MCD,x,,,"Revised to exclude the words ""ordinary capital"": DCD/DAC/STAT(2009)6. Added:  DCD/DAC/STAT(2003)2",
46000,46025,2025,IsDB,Islamic Development Bank,BIsD,Banque Islamique de Développement,100,,B02,B021,Not MCD,x,,,Added:  DCD/DAC/STAT(2014)4,
46000,46021,2025,BOAD,West African Development Bank,BOAD,Banque ouest-africaine de développement,100,,B02,B021,MCD,,,,Added:  DCD/DAC/STAT(2011)16,
46000,46028,2025,NDB,New Development Bank,NDB,Nouvelle Banque de développement,100,,B02,B02,MCD,,,,Added: DCD/DAC/STAT(2025)57,
40000,47000,,,Other multilateral institution,,Autre institution multilatérale,,,,,,,,,,
47000,47111,2025,,Adaptation Fund,,Fonds pour l’adaptation,100,,B02,B022,MCD,x,,,Added:  DCD/DAC/STAT(2008)10,
47000,47009,2025,CAMES,African and Malagasy Council for Higher Education ,CAMES,Conseil africain et malgache pour l'enseignement supérieur,100,,B02,B021,Not MCD,,,,,
47000,47001,2025,ACBF,African Capacity Building Foundation ,ACBF,Fondation pour le renforcement des capacités en Afrique,100,,B02,B021,Not MCD,,,,Added:  DCD/DAC/STAT(2001)6,
47000,47137,2025,ARC,African Risk Capacity Group,ARC,Mutuelle panafricaine de gestion des risques,100,,B02,B021,Not MCD,,,,Added:  DCD/DAC/STAT(2014)4,
47000,47141,2025,ATAF,African Tax Administration Forum,ATAF,Forum sur l’Administration Fiscale Africaine,100,,B02,B021,Not MCD,,,,Added:  DCD/DAC/STAT(2015)20,
47000,47005,2025,AU,African Union (excluding peacekeeping facilities) ,UA,Union Africaine (à l'exclusion de la Facilité de soutien à la paix),100,,B02,B021,MCD,,,,Renamed:  DCD/DAC/STAT(2003)2,
47000,21002,2025,AITIC,Agency for International Trade Information and Co-operation ,ACICI,Agence de coopération et d'information pour le commerce international,100,,B02,Not applicable,Not MCD,,,,Channel category changed:  DCD/DAC/STAT(2011)7/REV1.  Added:  DCD/DAC/STAT(2004)3 The agency is closed since 2011 but the channel code is maintained for historical data,
47000,47114,2025,AFoCO,Asian Forest Cooperation Organisation,AFoCO,Organisation asiatique de coopération forestière,100,,B02,B021,MCD,,,,Added: DCD/DAC/STAT(2021)4,
47000,47002,2025,APO,Asian Productivity Organisation ,APO,Organisation asiatique de productivité,100,,B02,B021,Not MCD,,,,,
47000,47109,2025,APEC ASF,Asia-Pacific Economic Cooperation Support Fund (except contributions tied to counter-terrorism activities),APEC-ASF,Fonds de soutien de la coopération économique Asie-Pacifique (hors lutte contre le terrorisme),100,,B02,B022,Not MCD,,,,Added:  DCD/DAC/STAT(2006)15,
47000,47068,2025,APFIC,Asia-Pacific Fishery Commission,APFIC,Commission Asie-Pacifique des pêches,100,,B02,B021,Not MCD,,,,Renamed:  DCD/DAC/STAT(2006)15,
47000,47003,2025,ASEAN,Association of South East Asian Nations: Economic Co-operation ,ANASE,Association des nations de l'Asie du Sud-Est - coopération économique,100,,B02,B021,MCD,,,,,
47000,47011,2025,CARICOM,Caribbean Community Secretariat ,CARICOM,Secrétariat de la Communauté des Caraïbes ,100,,B02,B021,MCD,,,,Added:  DCD/DAC/STAT(2005)9,
47000,47012,2025,CAREC,Caribbean Epidemiology Centre ,CAREC,Centre épidémiologique des Caraïbes,100,,B02,Not applicable,Not MCD,,,,"Renamed:  DCD/DAC/STAT(2008)5. The Centre has been merged with four caribbean regional health institutes into a single agency. The Caribbean Public Health Agency CARPHA. However, many member countries are not ODA recipients, so a review is needed to introduce CARPHA into the single list.",
47000,47145,2025,CEF,Center of Excellence in Finance,,,100,,B02,B021,Not MCD,,,,Added:  DCD/DAC/STAT(2017)13,
47000,47112,2025,CEI-Climate Fund,Central European Initiative - Special Fund for Climate and Environmental Protection,CEI-Climate Fund,Initiative de l’Europe centrale -  Fonds Spécial pour la protection climatique et environnementale,100,,B02,B032,Not MCD,,,,Added:  DCD/DAC/STAT(2008)10,
47000,47015,2025,CGIAR,CGIAR Fund,CGIAR,CGIAR Fund,100,,B02,B022,MCD,,,,Code previously used for Consultative Group on International Agricultural Research (CGIAR) which changed governance structure and involved into the CGIAR Fund: DCD/DAC/STAT(2012)6/REV1.  Renamed:  DCD/DAC/STAT(2008)5.  Added:  DCD/DAC/STAT(2004)3,
47000,47134,2025,CTF,Clean Technology Fund,FTP,Fonds pour les technologies propres,100,,B02,B022,MCD,x,,,Added:  DCD/DAC/STAT(2013)9,
47000,47027,2025,CP ,Colombo Plan,CP,Plan de Colombo,100,,B02,B021,Not MCD,,,,Renamed:  DCD/DAC/STAT(2007)7,
47000,47105,2025,CFC,Common Fund for Commodities ,,Fonds commun pour les produits de base,100,,B02,B022,Not MCD,,,,Added:  DCD/DAC/STAT(2002)3,
47000,47013,2025,CF,Commonwealth Foundation ,CF,Fondation du Commonwealth,100,,B02,B021,Not MCD,,,,,
47000,47025,2025,COL,Commonwealth of Learning ,COL,Commonwealth of Learning,100,,B02,B021,Not MCD,,,,,
47000,47132,2025,,Commonwealth Secretariat (ODA-eligible contributions only),,Secrétariat du Commonwealth (seulement les contributions éligibles à l'APD),100,,B02,B021,Not MCD,,,,"Added:  Summary Record of 2012 WP-STAT meeting.  Includes contributions to the Commonwealth Fund for Technical Co-operation (CFTC), Commonwealth Media Development Fund (CMDF), Commonwealth Small States Office (CSSO) and the Commonwealth Youth Programme (CYP).",
47000,47026,2025,CPLP,Community of Portuguese Speaking Countries ,CPLP,Communauté des pays de langue portugaise ,100,,B02,B021,Not MCD,,,,Added:  DCD/DAC/STAT(2005)9,
47000,47022,2025,CITES,Convention on International Trade in Endangered Species of Wild Flora and Fauna,CITES,Convention sur le commerce international des espèces de faune et de flore sauvages menacées d'extinction,100,,B02,B021,Not MCD,,,,,
47000,47138,2025,CoE,Council of Europe,CoE,Conseil de l’Europe,40,,B02,B021,MCD,,,,Added:  DCD/DAC/STAT(2014)4,
47000,41102,2025,DLCO-EA,Desert Locust Control Organisation for Eastern Africa ,OLCP-EA,Organisation de lutte contre le criquet pèlerin dans l'Est Africain,100,,B02,B021,MCD,,,,Change of Channel Category:DCD/DAC/STAT(2020)47 Sub-entity of UNEP United Nations Environment Programme ,
47000,47037,2025,EROPA,Eastern-Regional Organisation of Public Administration ,EROPA,Organisation régionale de l'Orient pour l'administration publique,100,,B02,B021,Not MCD,,,,,
47000,47113,2025,CEMAC,Economic and Monetary Community of Central Africa ,CEMAC,Communauté économique et monétaire de l’Afrique Centrale,100,,B02,B021,Not MCD,,,,Added:  DCD/DAC/STAT(2008)10,
47000,47034,2025,ECOWAS,Economic Community of West African States ,CEDEAO,Communauté économique des Etats de l’Afrique de l’Ouest,100,,B02,B021,MCD,,,,Added:  DCD/DAC/STAT(2003)2,
47000,47095,2025,EQAP,Educational Quality and Assessment Programme,EQAP,Programme d'évaluation et de qualité de l'éducation,100,,B02,B021,Not MCD,,,,"Added:  DCD/DAC/STAT(2001)6.Name change in 2015, previous name South Pacifid Board for Educational Assessment. Renamed in 2022.",
47000,47036,2025,EPPO,European and Mediterranean Plant Protection Organisation ,OEPP,Organisation Européenne et Méditerranéenne pour la Protection des Plantes,100,,B02,B021,Not MCD,,,,,
47000,47400,2025,,European Space Agency (ESA) programme “Space in support of International Development Aid” ,,,100,,B03,B032,Not MCD,,,,ODA-eligible but not added to Annex 2 List; channel code created in single table [DCD/DAC/STAT(2018)35].,
47000,47504,2025,FCPF,Forest Carbon Partnership Facility ,,,Not assessed,,B03,B032,Not MCD,,,,Added as part of the Channel Pilot: DCD/DAC/STAT(2014)9.,
47000,47040,2025,FFA,Forum Fisheries Agency ,FFA,Agence des pêches ,100,,B02,B021,Not MCD,,,,Renamed:  DCD/DAC/STAT(2008)5,
47000,47106,2025,DCAF,Geneva Centre for the Democratic Control of Armed Forces,DCAF,Centre de contrôle démocratique des forces armées - Genève,100,,B02,B021,Not MCD,,,,Added:  DCD/DAC/STAT(2007)7.  For reference see also DCD/DAC/STAT(2006)15.,
47000,47123,2025,GICHD,Geneva International Centre for Humanitarian Demining ,CIDHG,Centre International de Déminage Humanitaire Genève,100,,B02,B021,Not MCD,,,,Reclassified:  DCD/DAC/STAT(2006)15  Added:  DCD/DAC/STAT(2003)2,
47000,47503,2025,GAFSP,Global Agriculture and Food Security Program,,,100,,B03,B031,Not MCD,,,,Added as part of the Channel Pilot: DCD/DAC/STAT(2014)9.,
47000,47122,2025,GAVI,Global Alliance for Vaccines and Immunization ,GAVI,Alliance mondiale pour la vaccination et l’immunisation,100,1311,B02,B022,MCD,x,,,Reclassified:  DCD/DAC/STAT(2008)10  Added:  DCD/DAC/STAT(2003)2,
47000,47143,2025,GCERF,Global Community Engagement and Resilience Fund,GCERF,Fonds mondial pour l’engagement de la communauté et la résilience,100,,B02,B022,MCD,,,,Added:  DCD/DAC/STAT(2016)23/REV1,
47000,47129,2025,GEF-LDCF,Global Environment Facility - Least Developed Countries Fund,FEM - FPMA,FEM Fonds pour les pays les moins avancés,100,,B02,B022,MCD,x,,,Added: DCD/DAC/STAT(2010)5,
47000,47130,2025,GEF-SCCF,Global Environment Facility - Special Climate Change Fund,FEM - FSpCC,FEM Fonds spécial pour les changements climatiques,100,,B02,B022,MCD,x,,,Added: DCD/DAC/STAT(2010)5,
47000,47044,2025,GEF,Global Environment Facility Trust Fund,FEM,Fonds pour l'environnement mondial - fonds fiduciaire,100,811,B02,B022,MCD,x,,,Coefficient increased from 96%: DCD/DAC/STAT(2010)5.  Coefficient updated:  DCD/DAC/STAT(2008)10    Coefficient agreed:  DCD/DAC/STAT(2003)2,
47000,47502,2025,GFDRR,Global Fund for Disaster Risk Reduction,GFDRR,Dispositif mondial pour la réduction des risques de catastrophes,Not assessed,,B03,B031,Not MCD,,,,Added as part of the Channel Pilot: DCD/DAC/STAT(2014)9.,
47000,47045,2025,Global Fund,"Global Fund to Fight AIDS, Tuberculosis and Malaria ",Fonds mondial,"Fonds mondial de lutte contre le SIDA, la tuberculose et la paludisme",100,1312,B02,B022,MCD,x,,,Added:  DCD/DAC/STAT(2003)2,
47000,47136,2025,GGGI,Global Green Growth Institute,GGGI,Institut mondial de la croissance verte,100,,B02,B021,MCD,x,,,Added:  DCD/DAC/STAT(2013)12,
47000,47501,2025,GPE,Global Partnership for Education,PME,Partenariat Mondial pour l'Education,Not assessed,,B03,B031,Not MCD,,,,Added as part of the Channel Pilot: DCD/DAC/STAT(2014)9.,
47000,41317,2025,GCF,Green Climate Fund,GCF,Fonds vert pour le climat,100,,B02,B022,MCD,,,,Channel category changed:  DCD/DAC/STAT(2016)23/REV1; Added:  DCD/DAC/STAT(2015)20,
47000,47116,2025,IF,Integrated Framework for Trade-Related Technical Assistance to Least Developed Countries,CI,Cadre intégré pour l'assistance technique liée au commerce en faveur des pays les moins avancés,100,,B02,B021,Not MCD,,,,Added:  DCD/DAC/STAT(2008)10,
47000,47061,2025,IICA,Inter-American Institute for Co-operation on Agriculture ,IICA,Institut interaméricain de coopération pour l’agriculture,100,,B02,B021,Not MCD,,,,,
47000,47067,2025,IPCC,Intergovernmental Panel on Climate Change ,GIEC,Groupe d’experts intergouvernemental sur l’évolution du climat,100,,B02,B021,Not MCD,,,,,
47000,47124,2025,IACA,International Anti-Corruption Academy,IACA,Académie internationale de lutte contre la corruption,100,,B02,B021,MCD,,,,Added: DCD/DAC/STAT(2021)4,
47000,47019,2025,CIHEAM,International Centre for Advanced Mediterranean Agronomic Studies ,CIHEAM,Centre international de hautes études agronomique méditerranéennes,100,,B02,B021,Not MCD,,,,,
47000,47125,2025,ICGEB,International Centre for Genetic Engineering and Biotechnology,ICGEB,Centre international de génie génétique et de biotechnologie,26,,B02,B021,MCD,,,,Added: DCD/DAC/STAT(2021)4,
47000,47149,2025,ICMP,International Commission on Missing Persons,CIPD,Commission internationale pour les personnes disparues,100,,B02,B021,,,,,Added: DCD/DAC/STAT(2021)25,
47000,47050,2025,ICAC,International Cotton Advisory Committee ,CCIC,Comité consultatif international du coton,100,,B02,B021,Not MCD,,,,,
47000,47059,2025,IDLO,International Development Law Organisation ,IDLO,Organisation internationale de droit du développement ,100,,B02,B021,Not MCD,,,,Renamed:  DCD/DAC/STAT(2006)15,
47000,47147,2025,IFFEd,International Finance Facility for Education,IFFEd,Facilité internationale de financement pour l'éducation,100,,B02,B022,Not MCD,,,,Added: DCD/DAC/STAT(2019)34,
47000,47107,2025,IFFIm,International Finance Facility for Immunisation,IFFIm,Facilité internationale de financement pour la vaccination,100,,B02,B022,MCD,x,,,Added:  DCD/DAC/STAT(2007)10,
47000,47058,2025,IDEA,International Institute for Democracy and Electoral Assistance ,IDEA,International Institute for Democracy and Electoral Assistance,100,,B02,B021,Not MCD,,,,Added:  DCD/DAC/STAT(2003)2,
47000,47146,2025,IIB,International Investment Bank (IIB),,,29,,B02,B021,Not MCD,,,,Added:  DCD/DAC/STAT(2019)17,
47000,47064,2025,INBAR,International Network for Bamboo and Rattan ,INBAR,Réseau International sur le bambou et le rotin,100,,B02,B021,Not MCD,,,,Added:  DCD/DAC/STAT(2005)9,
47000,47046,2025,OIF,International Organisation of the Francophonie,OIF,Organisation internationale de la Francophonie ,100,,B02,B021,MCD,,,,Renamed:  DCD/DAC/STAT(2007)7,
47000,47144,2025,IRENA,International Renewable Energy Agency,IRENA,Agence internationale pour les energies renouvelables,66,,B02,B021,MCD,,,,Added:  DCD/DAC/STAT(2016)23/REV1,
47000,47073,2025,ITTO,International Tropical Timber Organisation ,OIBT,Organisation Internationale des Bois Tropicaux,100,,B02,B021,Not MCD,,,,Added:  DCD/DAC/STAT(2002)3,
47000,47074,2025,IVI,International Vaccine Institute ,IIV,Institut international de vaccins ,100,,B02,B021,Not MCD,,,,"Renamed:  DCD/DAC/STAT(2001)6 (Supressed the notation ""core budget contributions only"".)",
47000,47076,2025,JSCA,Justice Studies Centre of the Americas ,JSCA,Centre d’études sur la justice dans les Amériques,100,,B02,B021,Not MCD,,,,Added:  DCD/DAC/STAT(2005)9,
47000,47127,2025,OLADE,Latin-American Energy Organisation,OLADE,Organisation latino-américaine de l'énergie,100,,B02,B021,Not MCD,,,,Added: DCD/DAC/STAT(2009)6,
47000,47077,2025,MRC,Mekong River Commission ,MRC,Commission du Mékong,100,,B02,B021,Not MCD,,,,Added:  DCD/DAC/STAT(2003)2,
47000,47117,2025,NEPAD,New Partnership for Africa's Development,NEPAD,Nouveau Partenariat pour le développement de l’Afrique,100,,B02,B021,Not MCD,,,,Added:  DCD/DAC/STAT(2008)10,
47000,47128,2025,NDF,Nordic Development Fund,NDF,Nordic Development Fund,100,,B02,B021,MCD,x,,,Added: DCD/DAC/STAT(2010)5,
47000,47081,2025,OECD-Dev. Centre,OECD Development Centre ,OCDE-Centre de dév. ,OCDE Centre de développement,100,,B02,B021,Not MCD,,,,Added:  DCD/DAC/STAT(2004)3,
47000,47142,2025,OFID,OPEC Fund for International Development,OFID,Le Fonds OPEP pour le développement international,100,,B02,B022,MCD,x,,,Added:  DCD/DAC/STAT(2015)20,
47000,47080,2025,OECD,Organisation for Economic Co-operation and Development (Contributions to special funds for Technical Co-operation Activities Only) ,OCDE,Organisation de Coopération et de développement économiques (contributions aux fonds spéciaux pour les activités de coopération technique uniquement),100,,B02,B022,Not MCD,,,,,
47000,47079,2025,OAS,Organisation of American States ,OEA,Organisation des États américains,100,,B02,B021,MCD,,,,,
47000,47082,2025,OECS,Organisation of Eastern Caribbean States ,OECO,Organisation des États des Caraïbes orientales,100,,B02,B021,Not MCD,,,,Added:  DCD/DAC/STAT(2005)9,
47000,47140,2025,OEI,"Organisation of Ibero-American States for Education, Science and Culture",,Organización de Estados Iberoamericanos,100,,B02,B021,Not MCD,,,,Added:  DCD/DAC/STAT(2014)4,
47000,47110,2025,BSEC,Organisation of the Black Sea Economic Cooperation,BSEC,Organisation de coopération économique de la mer Noire,78,,B02,B021,Not MCD,,,,Added:  DCD/DAC/STAT(2007)7.  For reference see DCD/DAC/STAT(2006)15.,
47000,47131,2025,OSCE,Organization for Security and Co-operation in Europe,OSCE,Organisation pour la sécurité et la oopération en Europe,74,,B02,B021,MCD,x,,,Added:  DCD/DAC/STAT(2011)18,
47000,47087,2025,PIFS,Pacific Islands Forum Secretariat ,SFIP,Secrétariat du Forum des Iles du Pacifique,100,,B02,B021,Not MCD,,,,,
47000,47097,2025,SPREP,Pacific Regional Environment Programme ,PROE,Programme régional océanien de l’environnement,100,,B02,B021,Not MCD,,,,Renamed:  DCD/DAC/STAT(2006)15,
47000,47084,2025,PAIGH,Pan-American Institute of Geography and History ,PAIGH,Institut panaméricain de géographie et d’histoire,100,,B02,B021,Not MCD,,,,,
47000,47086,2025,PIDG,Private Infrastructure Development Group ,PIDG,Private Infrastructure Development Group,100,,B02,B021,Not MCD,,,,Added:  DCD/DAC/STAT(2003)2,
47000,47118,2025,CREFIAF,Regional Organisation for the Strengthening of Supreme Audit Institutions of Francophone Sub-Saharan Countries,CREFIAF,Conseil Régional de Formation des Institutions Supérieures de Contrôle des Finances Publiques d’Afrique Francophone Subsaharienne,100,,B02,B021,Not MCD,,,,Added:  DCD/DAC/STAT(2008)10,
47000,47119,2025,OSS,Sahara and Sahel Observatory,OSS,Observatoire du Sahara et du Sahel,100,,B02,B021 ,Not MCD,,,,Added:  DCD/DAC/STAT(2008)10,
47000,47029,2025,SWAC,Sahel and West Africa Club ,CSAO,Club du Sahel et de l’Afrique de l’Ouest ,100,,B02,B021,Not MCD,,,,Renamed:  DCD/DAC/STAT(2008)5,
47000,47096,2025,SPC,Secretariat of the Pacific Community ,CPS,Secrétariat Général de la Communauté du Pacifique,100,,B02,B021,MCD,,,,Renamed:  DCD/DAC/STAT(2008)5,
47000,47120,2025,SAARC,South Asian Association for Regional Cooperation ,SAARC,Association de l'Asie du Sud pour la coopération régionale,100,,B02,B021,Not MCD,,,,Added:  DCD/DAC/STAT(2008)10,
47000,47092,2025,SEAFDC,South East Asian Fisheries Development Centre ,SEAFDC,Centre de développement des pêches de l’Asie du Sud-Est,100,,B02,B021,Not MCD,,,,,
47000,47093,2025,SEAMEO,South East Asian Ministers of Education ,SEAMEO,Organisation des Ministres de l’éducation de l’Asie du Sud-Est,100,,B02,B021,Not MCD,,,,,
47000,47089,2025,SADC,Southern African Development Community ,SADC,Communauté pour le développement de l’Afrique australe,100,,B02,B021,MCD,,,,Added:  DCD/DAC/STAT(2003)2,
47000,47135,2025,SCF,Strategic Climate Fund,FSC,Fonds stratégique pour le climat,100,,B02,B022,MCD,x,,,Added:  DCD/DAC/STAT(2013)9,
47000,47121,2025,UCLGA,United Cities and Local Governments of Africa,CGLUA,Cités et gouvernements locaux unis d’Afrique,100,,B02,B021,Not MCD,,,,Added:  DCD/DAC/STAT(2008)10,
47000,47098,2025,UNPO,Unrepresented Nations and Peoples’ Organisation ,UNPO,Organisation des peuples et des nations non représentés,100,,B02,B021,Not MCD,,,,,
47000,47100,2025,WAMU,West African Monetary Union ,UMOA,Union monétaire ouest-africaine,100,,B02,B021,Not MCD,,,,Added:  DCD/DAC/STAT(2003)2,
47000,47139,2025,WCO CCF,World Customs Organization Customs Co-operation Fund,OMD CCF,Organisation Mondiale des Douanes Fonds de coopération douanière,100,,B02,B033,Not MCD,,,,Added:  DCD/DAC/STAT(2014)4,
47000,47148,2025,WOAH,World Organisation for Animal Health,WOAH,Organisation mondiale de la santé animale,61,,B02,B021,Not MCD,,,,Added: DCD/DAC/STAT(2019)34,
47000,47150,2025,SEGIB,Secretariat General Iberoamericana,SEGIB,Secretariat General Iberoamericana,100,,B02,B021,Not MCD,,,,Added: DCD/DAC/STAT(2023)43,
47000,47151,2025,BADEA,Arab Bank for Reconstruction and Development,BADEA,Banque Arabe de Développement Economique en Afrique,100,,B02,B02,MCD,,,,Added: DCD/DAC/STAT(2025)57,
47000,47152,2025,AFESD,Arab Fund for Economic and Social Development,FADES,Fonds Arabe pour le Développement Economique et Social,100,,B02,B02,Not MCD,,,,Added: DCD/DAC/STAT(2025)57,
47000,47701,2025,GBFF,GEF Global Biodiversity Framework Fund ,FEM_FCMB,Fonds du cadre mondial pour la biodiversité,100,,B02,B02,Not MCD,,,,Added: DCD/DAC/STAT(2025)57,
51000,51000,,,"University, college or other teaching institution, research institute or think‑tank",,"Université, institut d’éducation et autre institution d’enseignement, institut de recherche ou groupe de réflexion",,,,,,,,,,
51000,47101,2025,WARDA,Africa Rice Centre,ADRAO,Centre du riz pour l’Afrique,100,,B01,B01,MCD,,,,Change of Channel Category:  DCD/DAC/STAT(2012)6/REV1. Renamed:  DCD/DAC/STAT(2006)15 Renamed:  DCD/DAC/STAT(2008)10,
51000,47069,2025,,Bioversity International,,Bioversity International,100,,B01,B01,MCD,,,,Change of Channel Category:  DCD/DAC/STAT(2012)6/REV1. Renamed:  DCD/DAC/STAT(2008)5,
51000,47018,2025,CIFOR,Centre for International Forestry Research ,CIFOR,Centre de recherche forestière internationale ,100,,B01,B01,MCD,,,,Change of Channel Category:  DCD/DAC/STAT(2012)6/REV1.  Added:  DCD/DAC/STAT(2004)3,
51000,21004,2025,CODESRIA,Council for the Development of Economic and Social Research in Africa ,CODESRIA,Conseil pour le développement de la recherche en sciences sociales en Afrique,100,,B01,B01,Not MCD,,,,"Not a major channel of delivery, channel category changed:  DCD/DAC/STAT(2011)7/REV1.  ",
51000,47041,2025,FFTC,Food and Fertilizer Technology Centre ,FFTC,Centre des techniques de l'alimentation et des engrais,100,,B01,B01,MCD,,,,Change of Channel Category:  DCD/DAC/STAT(2012)6/REV1.,
51000,21009,2025,FARA,Forum for Agricultural Research in Africa ,FARA,Forum pour la recherche agricole en Afrique,100,,B01,B01,Not MCD,,,,"Not a major channel of delivery, channel category changed:  DCD/DAC/STAT(2011)7/REV1.  Added:  DCD/DAC/STAT(2005)9",
51000,47047,2025,IAI,International African Institute ,IIA,Institut international africain,100,,B01,B01,MCD,,,,Change of Channel Category:  DCD/DAC/STAT(2012)6/REV1.,
51000,47051,2025,ICARDA,International Centre for Agricultural Research in Dry Areas ,ICARDA,Centre international de recherche agricole dans les zones arides,100,,B01,B01,MCD,,,,Change of Channel Category:  DCD/DAC/STAT(2012)6/REV1.,
51000,47055,2025,ICRA,International Centre for Development Oriented Research in Agriculture ,ICRA,Centre International pour la Recherche Agricole orientée vers le développement,100,,B01,B01,MCD,,,,Change of Channel Category:  DCD/DAC/STAT(2012)6/REV1. Added:  DCD/DAC/STAT(2001)6,
51000,47053,2025,"ICDDR,B","International Centre for Diarrhoeal Disease Research, Bangladesh","ICDDR,B","International Centre for Diarrhoeal Disease Research, Bangladesh",100,,B01,B01,MCD,,,,Change of Channel Category:  DCD/DAC/STAT(2012)6/REV1. Renamed:  DCD/DAC/STAT(2011)16.  Renamed:  DCD/DAC/STAT(2006)15,
51000,47017,2025,CIAT,International Centre for Tropical Agriculture ,CIAT,Centre international d'agriculture tropicale,100,,B01,B01,MCD,,,,Change of Channel Category:  DCD/DAC/STAT(2012)6/REV1.,
51000,47054,2025,ICIPE,International Centre of Insect Physiology and Ecology ,ICIPE,Centre international sur la physiologie et l’écologie des insectes,100,,B01,B01,MCD,,,,Change of Channel Category:  DCD/DAC/STAT(2012)6/REV1.,
51000,47057,2025,ICRISAT,International Crop Research for Semi-Arid Tropics ,ICRISAT,Institut international de recherche sur les cultures des zones tropicales semi-arides,100,,B01,B01,MCD,,,,Change of Channel Category:  DCD/DAC/STAT(2012)6/REV1.,
51000,51001,2025,IFPRI,International Food Policy Research Institute,IFPRI,Institut International de Recherche sur les Politiques Alimentaires,100,,B01,B01,MCD,,,,Added:  DCD/DAC/STAT(2014)4,
51000,21021,2025,IIED,International Institute for Environment and Development ,IIED,Institut international pour l’environnement et le développement,100,,B01,B01,Not MCD,,,,"Not a major channel of delivery, channel category changed:  DCD/DAC/STAT(2011)7/REV1.  Added:  DCD/DAC/STAT(2005)9",
51000,21039,2025,IISD,International Institute for Sustainable Development,IIDD,Institut international de développement durable,100,,B01,B01,Not MCD,,,,"Not a major channel of delivery, channel category changed:  DCD/DAC/STAT(2011)7/REV1.  Added:  DCD/DAC/STAT(2007)7",
51000,47062,2025,IITA,International Institute of Tropical Agriculture ,IITA,Institut international d’agriculture tropicale,100,,B01,B01,MCD,,,,Change of Channel Category:  DCD/DAC/STAT(2012)6/REV1.,
51000,47063,2025,ILRI,International Livestock Research Institute ,ILRI,International Livestock Research Institute,100,,B01,B01,MCD,,,,Change of Channel Category:  DCD/DAC/STAT(2012)6/REV1. Result of a merger between the International Centre for Livestock in Africa (ILCA) and the International Laboratory for Research on Animal Diseases (ILRAD):  DCD/DAC/STAT(2002)3.,
51000,47020,2025,CIMMYT,International Maize and Wheat Improvement Centre ,CIMMYT,Centre international d’amélioration du maïs et du blé ,100,,B01,B01,MCD,,,,Change of Channel Category:  DCD/DAC/STAT(2012)6/REV1.  Added:  DCD/DAC/STAT(2004)3,
51000,47021,2025,CIP,International Potato Centre ,CIP,Centre international de la pomme de terre,100,,B01,B01,MCD,,,,Change of Channel Category:  DCD/DAC/STAT(2012)6/REV1.,
51000,47070,2025,IRRI,International Rice Research Institute ,IIRR,Institut international de recherche sur le riz,100,,B01,B01,MCD,,,,Change of Channel Category:  DCD/DAC/STAT(2012)6/REV1.,
51000,47071,2025,ISTA,International Seed Testing Association ,ISTA,Association internationale d’essais de semences,100,,B01,B01,MCD,,,,Change of Channel Category:  DCD/DAC/STAT(2012)6/REV1.,
51000,47075,2025,IWMI,International Water Management Institute ,IWMI,Institut international de gestion des ressources en eau,100,,B01,B01,MCD,,,,Change of Channel Category:  DCD/DAC/STAT(2012)6/REV1. Added:  DCD/DAC/STAT(2004)3,
51000,47099,2025,USP,University of the South Pacific ,USP,Université du Pacifique Sud,100,,B01,B01,MCD,,,,Change of Channel Category:  DCD/DAC/STAT(2012)6/REV1.,
51000,47056,2025,ICRAF,World AgroForestry Centre,ICRAF,Centre mondial de l’agroforesterie,100,,B01,B01,MCD,,,,Change of Channel Category:  DCD/DAC/STAT(2012)6/REV1. Renamed:  DCD/DAC/STAT(2006)15,
51000,47103,2025,WMU,World Maritime University ,UMM,Université maritime mondiale,100,,B01,B01,MCD,,,,Change of Channel Category:  DCD/DAC/STAT(2012)6/REV1.,
51000,47008,2025,AVRDC,World Vegetable Centre,AVRDC,Centre international de cultures maraîchères,100,,B01,B01,MCD,,,,Change of Channel Category:  DCD/DAC/STAT(2012)6/REV1.  Renamed:  DCD/DAC/STAT(2006)15,
51000,47104,2025,WorldFish Centre,WorldFish Centre,WorldFish Centre,Centre international pour l’aménagement des ressources bioaquatiques,100,,B01,B01,MCD,,,,Change of Channel Category:  DCD/DAC/STAT(2012)6/REV1. Added:  DCD/DAC/STAT(2004)3,
60000,60000,,,Private sector institutions,,Institutions du Secteur Privé,,,,,,,,,,
60000,61000,,,Private sector in provider country,,Secteur privé du pays donneur,,,,,,,,,,
61000,61001,2025,,Banks (deposit taking corporations),,Banques (institutions de dépôts),,,,,,,,,DCD/DAC/STAT(2018)9/ADD1/FINAL; DCD/DAC/STAT(2016)20/REV,
61000,61003,2025,,Investment funds and other collective investment institutions,,Fonds d’investissements et autres organismes de placement collectifs,,,,,,,,,DCD/DAC/STAT(2018)9/ADD1/FINAL; DCD/DAC/STAT(2016)20/REV,
61000,61004,2025,,"Holding companies, trusts and Special Purpose Vehicles",,"Sociétés holding, fonds fiduciaires et structures de titrisation",,,,,,,,,DCD/DAC/STAT(2018)9/ADD1/FINAL; DCD/DAC/STAT(2016)20/REV,
61000,61005,2025,,Insurance Corporations,,Sociétés d’assurance,,,,,,,,,DCD/DAC/STAT(2018)9/ADD1/FINAL; DCD/DAC/STAT(2016)20/REV,
61000,61006,2025,,Pension Funds,,Fonds de pension,,,,,,,,,DCD/DAC/STAT(2018)9/ADD1/FINAL; DCD/DAC/STAT(2016)20/REV,
61000,61007,2025,,Other financial corporations,,Autres sociétés financières,,,,,,,,,DCD/DAC/STAT(2018)9/ADD1/FINAL; DCD/DAC/STAT(2016)20/REV,
61000,61008,2025,,Exporters,,Exportateurs,,,,,,,,,DCD/DAC/STAT(2018)9/ADD1/FINAL; DCD/DAC/STAT(2016)20/REV,
61000,61009,2025,,Other non-financial corporations,,Autres sociétés non financières,,,,,,,,,DCD/DAC/STAT(2018)9/ADD1/FINAL; DCD/DAC/STAT(2016)20/REV,
61000,61010,2025,,Retail investors,,Investisseurs individuels,,,,,,,,,DCD/DAC/STAT(2018)9/ADD1/FINAL; DCD/DAC/STAT(2016)20/REV,
60000,62000,,,Private sector in recipient country,,Secteur privé du pays bénéficiaire,,,,,,,,,,
62000,62001,2025,,Banks (deposit taking corporations except Micro Finance Institutions),,Banques (institutions de dépôts hors institutions de microfinancement),,,,,,,,,DCD/DAC/STAT(2018)9/ADD1/FINAL; DCD/DAC/STAT(2016)20/REV,
62000,62002,2025,,Micro Finance Institutions (deposit and non-deposit),,Institutions de microfinancement (collectant ou pas des dépôts),,,,,,,,,DCD/DAC/STAT(2018)9/ADD1/FINAL; DCD/DAC/STAT(2016)20/REV,
62000,62003,2025,,Investment funds and other collective investment institutions,,Fonds d’investissements et autres organismes de placement collectifs,,,,,,,,,DCD/DAC/STAT(2018)9/ADD1/FINAL; DCD/DAC/STAT(2016)20/REV,
62000,62004,2025,,"Holding companies, trusts and Special Purpose Vehicles",,"Sociétés holding, fonds fiduciaires et structures de titrisation",,,,,,,,,DCD/DAC/STAT(2018)9/ADD1/FINAL; DCD/DAC/STAT(2016)20/REV,
62000,62005,2025,,Insurance Corporations,,Sociétés d’assurance,,,,,,,,,DCD/DAC/STAT(2018)9/ADD1/FINAL; DCD/DAC/STAT(2016)20/REV,
62000,62006,2025,,Pension Funds,,Fonds de pension,,,,,,,,,DCD/DAC/STAT(2018)9/ADD1/FINAL; DCD/DAC/STAT(2016)20/REV,
62000,62007,2025,,Other financial corporations,,Autres sociétés financières,,,,,,,,,DCD/DAC/STAT(2018)9/ADD1/FINAL; DCD/DAC/STAT(2016)20/REV,
62000,62008,2025,,Importers/Exporters,,Importateurs / Exportateurs,,,,,,,,,DCD/DAC/STAT(2018)9/ADD1/FINAL; DCD/DAC/STAT(2016)20/REV,
62000,62009,2025,,Other non-financial corporations,,Autres sociétés non financières,,,,,,,,,DCD/DAC/STAT(2018)9/ADD1/FINAL; DCD/DAC/STAT(2016)20/REV,
62000,62010,2025,,Retail investors,,Investisseurs individuels,,,,,,,,,DCD/DAC/STAT(2018)9/ADD1/FINAL; DCD/DAC/STAT(2016)20/REV,
60000,63000,,,Private sector in third country,,Secteur privé d'un pays tiers,,,,,,,,,,
63000,63001,2025,,Banks (deposit taking corporations except Micro Finance Institutions),,Banques (institutions de dépôts hors institutions de microfinancement),,,,,,,,,DCD/DAC/STAT(2018)9/ADD1/FINAL; DCD/DAC/STAT(2016)20/REV,
63000,63002,2025,,Micro Finance Institutions (deposit and non-deposit),,Institutions de microfinancement (collectant ou pas des dépôts),,,,,,,,,DCD/DAC/STAT(2018)9/ADD1/FINAL; DCD/DAC/STAT(2016)20/REV,
63000,63003,2025,,Investment funds and other collective investment institutions,,Fonds d’investissements et autres organismes de placement collectifs,,,,,,,,,DCD/DAC/STAT(2018)9/ADD1/FINAL; DCD/DAC/STAT(2016)20/REV,
63000,63004,2025,,"Holding companies, trusts and Special Purpose Vehicles",,"Sociétés holding, fonds fiduciaires et structures de titrisation",,,,,,,,,DCD/DAC/STAT(2018)9/ADD1/FINAL; DCD/DAC/STAT(2016)20/REV,
63000,63005,2025,,Insurance Corporations,,Sociétés d’assurance,,,,,,,,,DCD/DAC/STAT(2018)9/ADD1/FINAL; DCD/DAC/STAT(2016)20/REV,
63000,63006,2025,,Pension Funds,,Fonds de pension,,,,,,,,,DCD/DAC/STAT(2018)9/ADD1/FINAL; DCD/DAC/STAT(2016)20/REV,
63000,63007,2025,,Other financial corporations,,Autres sociétés financières,,,,,,,,,DCD/DAC/STAT(2018)9/ADD1/FINAL; DCD/DAC/STAT(2016)20/REV,
63000,63008,2025,,Exporters,,Exportateurs,,,,,,,,,DCD/DAC/STAT(2018)9/ADD1/FINAL; DCD/DAC/STAT(2016)20/REV,
63000,63009,2025,,Other non-financial corporations,,Autres sociétés non financières,,,,,,,,,DCD/DAC/STAT(2018)9/ADD1/FINAL; DCD/DAC/STAT(2016)20/REV,
63000,63010,2025,,Retail investors,,Investisseurs individuels,,,,,,,,,DCD/DAC/STAT(2018)9/ADD1/FINAL; DCD/DAC/STAT(2016)20/REV,
90000,90000,,,Other,,Autre,,,,,,,,,,
