List of types of finance ,,,,,Types de financement,,,
Code,Heading,Subcode,Name,,Code,Libellé,Sous-code,Nom
0,NON FLOW ITEMS,,Non resource flow items requested on DAC table 1,,0,AUTRE QU’APPORTS ,,Rubriques requises sur le tableau CAD 1 portant sur des informations autres que des apports
,,1,GNI: Gross National Income,,,,1,RNB : Revenu national brut
,,2,ODA % GNI,,,,2,APD en % du RNB
,,3,Total Flows % GNI,,,,3,Apports totaux en % du RNB
,,4,Population,,,,4,Population
100,GRANTS,,,,100,DONS,,
,Standard grant,110,Grants are transfers in cash or in kind for which no legal debt is incurred by the recipient.,,,Dons ordinaires,110,Transferts en espèces ou en nature qui n'entraînent pas d'obligation juridique de remboursement pour le bénéficiaire.
,Interest subsidy,210,"A payment to soften the terms of private export credits, or loans or credits by the banking sector.",,,Bonification d'intérêt,210,Subventions visant à assouplir les conditions des crédits à l’exportation ou des prêts/crédits du secteur bancaire.
,Capital subscription on deposit basis,310,"Payments to multilateral agencies in the form of notes and similar instruments, unconditionally encashable at sight by the recipient institutions.",,,Souscriptions au capital sur la base des dépôt,310,Versements aux agences multilatérales sous forme de billets à ordre et effets similaires encaissables à vue sans condition par l'institution bénéficiaire.
,Capital subscription on encashment basis,311,"Payments to multilateral agencies in the form of notes and similar instruments, unconditionally encashable at sight by the recipient institutions.",,,Souscriptions au capital sur la base des encaissements ,311,Versements aux agences multilatérales sous forme de billets à ordre et effets similaires encaissables à vue sans condition par l'institution bénéficiaire.
420,DEBT INSTRUMENTS,,,,420,INSTRUMENTS DE DETTE,,
,Standard loan,421,"Transfers in cash or in kind for which the recipient incurs legal debt (and the resulting claim is not intended to be traded).  Since payment obligations on standard loan are senior obligations, i.e. creditors are entitled to receive payments against their claims before anyone else, they are also referred to as senior loans.",,,Prêt ordinaire,421,"Transferts en espèce ou en nature qui entraînent une obligation juridique de remboursement pour le bénéficiaire (dont la créance n'est pas échangeable.) Lorsque les obligations de remboursement sur les prêts ordinaires sont senior, càd que le créditeur est éligible à percevoir le remboursement de sa créance avant quiconque, on parle de prêt senior."
,Reimbursable grant ,422,"A contribution provided to a recipient institution for investment purposes, with the expectation of long-term reflows at conditions specified in the financing agreement. The provider assumes the risk of total or partial failure of the investment; it can also decide if and when to reclaim its investment.  ",,,Don remboursable,422,"Contribution fournie à une institution bénéficiaire à des fins d'investissement, dans une perspective de remboursement à long-terme à des conditions spécifiées dans l'accord de financement. Le fournisseur assume le risque partiel ou total de faillite de l'investissement ; il peut aussi décider si et quand il récupère son investissement."
,Loan-type reimbursable grant,4221,"A contribution provided to a recipient institution for investment purposes, for which the conditions - including a concrete repayment schedule – are specified in the financing agreement.",,,Don remboursable de type prêt,4221,"Contribution fournie à une institution bénéficiaire à des fins d'investissement, dont les conditions – y compris un calendrier de remboursement concret – sont précisées dans l'accord de financement."
,Reflow-based reimbursable grant,4222,"A contribution provided to a recipient institution for investment purposes, for which the details on reflows are unknown at the time of investment as they depend on the performance of the underlying investments.",,,Don remboursable par retour de capitaux,4222,"Contribution fournie à une institution bénéficiaire à des fins d'investissement, pour laquelle les détails des remboursements sont inconnus au moment de l'investissement car ils dépendent de la performance des investissements sous-jacents."
,Bonds,423,"Fixed-interest debt instruments, issued by governments, public utilities, banks or companies, tradable in financial markets.",,,Obligations,423,"Instruments de dette à intérêts fixes émis par des gouvernements, entités publiques, banques ou sociétés, échangeables sur les marchés financiers."
,Asset-backed securities ,424,Securities whose value and income payments are derived from and backed by a specific pool of underlying assets.,,,Titres adossés à des actifs,424,Actifs dont la valeur et les revenus sont dérivés de et adossés à un panier d'actifs sous-jacents.
,Other debt securities,425,,,,Autres actifs de dette,425,
430,MEZZANINE FINANCE INSTRUMENTS,,,,430,INSTRUMENTS DE DETTE,,
,Subordinated loan ,431,"A loan that, in the event of default, will only be repaid after all senior obligations have been satisfied.  In compensation for the increased risk, mezzanine debt holders require a higher return for their investment than secured or more senior lenders.",,,Prêt subordonné,431,"Prêt qui, en cas de défaut, ne sera remboursé qu'après que les obligations senior soient satisfaites.  En compensation du risque accru, les détenteurs de dette mezzanine exigent un retour sur investissement plus élevé que les prêteurs garantis ou senior."
,Preferred equity ,432,"Equity that, in the event of default, will be repaid after all senior obligations and subordinated loans have been satisfied; and will be paid before common equity holders. It is a more expensive source of finance than senior debt, a less expensive source than equity.",,,Action privilégiée,432,"Action qui, en cas de défaut, ne sera remboursé qu'après que les obligations senior soient satisfaites ; mais avant les détenteurs d'actions ordinaires.  Il s'agit d'une source de financement plus onéreuse que la dette senior mais moins coûteuse que les actions."
,Other hybrid instruments ,433,Including convertible debt or equity.,,,Autres instruments hybrides,433,Incluant les dettes convertibles et les actions.
,Multilateral hybrid capital,434,Hybrid capital instruments issued by multilateral institutions,,,Capital hybride multilatéral,434,Instruments de capital hybride émis par des institutions multilatérales
500,EQUITY  AND SHARES IN COLLECTIVE INVESTMENT VEHICLES,,,,500,ACTIONS ET  PARTS DANS DES VEHICULES COLLECTIFS D'INVESTISSEMENT,,
,Common equity,510,A share in the ownership of a corporation that gives the owner claims on the residual value of the corporation after creditors’ claims have been met.,,,Action ordinaire,510,Part de propriété dans une société donnant à son détenteur une créance sur la valeurs résiduelle de la société une fois que les créances de ses créditeurs ont été satisfaites.
,Shares in collective investment vehicles ,520,Collective undertakings through which investors pool funds for investment in financial or nonfinancial assets or both. These vehicles issue shares (if a corporate structure is used) or units (if a trust structure is used).,,,Parts dans des organismes collectifs d'investissement,520,Placement collectif par lequel un groupe d'investisseurs abonde un fond d'actifs financiers ou non financiers ou les deux. Ces véhicules émettent des parts (en cas de structure d'entreprise) ou des unités de compte (en cas de structure fiduciaire.)
,Reinvested earnings,530,This item is only applicable to Foreign Direct Investment (FDI). Reinvested earnings on FDI consist of the retained earnings of a direct foreign investment enterprise which are treated as if they were distributed and remitted to foreign direct investors in proportion to their ownership of the equity of the enterprise and then reinvested by them in the enterprise. ,,,Bénéfices réinvestis,530,Cet item n'est applicable qu'aux investissement direct étrangers (IDE). Les bénéfices réinvestis sur des IDE consistent en des bénéfices retenus d'un investissement direct à l'étranger qui sont traités comme s'ils étaient redistribués et versés aux investisseurs en proportion de leur part dans l'actionnariat puis réinvestis par eux dans l'entreprise.
600,DEBT RELIEF,,"Debt cancellations, debt conversions, debt rescheduling within or outside the framework of the Paris Club.",,600,ALLEGEMENT DE LA DETTE,,"Debt cancellations, debt conversions, debt rescheduling within or outside the framework of the Paris Club."
,Debt forgiveness:  ODA claims (P),610,,,,Annulation/conversion de la dette : créance APD (P),610,
,Debt forgiveness: ODA claims (I),611,,,,Annulation/conversion de la dette : créance APD (I),611,
,Debt forgiveness: OOF claims (P),612,,,,Annulation/conversion de la dette : créance AASP (P),612,
,Debt forgiveness: OOF claims (I),613,,,,Annulation/conversion de la dette : créance AASP (I),613,
,Debt forgiveness:  Private claims (P),614,,,,Annulation/conversion de la dette : créance du secteur privé (P),614,
,Debt forgiveness:  Private claims (I),615,,,,Annulation/conversion de la dette : créance du secteur privé (I),615,
,Debt forgiveness: OOF claims (DSR),616,,,,Annulation/conversion de la dette : créance AASP (DSR),616,
,Debt forgiveness:  Private claims (DSR),617,,,,Annulation/conversion de la dette : créance du secteur privé (DSR),617,
,Debt forgiveness: Other,618,,,,Annulation/conversion de la dette : autre,618,
,Debt rescheduling: ODA claims (P),620,,,,Rééchelonnement de la dette : créance APD (P),620,
,Debt rescheduling: ODA claims (I),621,,,,Rééchelonnement de la dette : créance APD (I),621,
,Debt rescheduling: OOF claims (P),622,,,,Rééchelonnement de la dette : créance AASP (P),622,
,Debt rescheduling: OOF claims (I),623,,,,Rééchelonnement de la dette : créance AASP (I),623,
,Debt rescheduling:  Private claims (P),624,,,,Rééchelonnement de la dette : créance du secteur privé (P),624,
,Debt rescheduling:  Private claims (I),625,,,,Rééchelonnement de la dette : créance du secteur privé (I),625,
,Debt rescheduling: OOF claims (DSR),626,,,,Rééchelonnement de la dette : créance AASP (RSD),626,
,Debt rescheduling:  Private claims (DSR),627,,,,Rééchelonnement de la dette : créance du secteur privé (RSD),627,
,Debt rescheduling: OOF claim (DSR – original loan principal) ,630,,,,Rééchelonnement de la dette : créance AASP (RSD – principal du prêt d’origine),630,
,Debt rescheduling: OOF claim (DSR – original loan interest),631,,,,Rééchelonnement de la dette : créance AASP (RSD – intérêts du prêt d’origine),631,
,Debt rescheduling: Private claim (DSR – original loan principal),632,,,,Rééchelonnement de la dette : créance du secteur privé (RSD – principal du prêt d’origine),632,
,Debt forgiveness/conversion: export credit claims (P),633,,,,Annulation/conversion de la dette : créance de crédit à l'exportation (P),633,
,Debt forgiveness/conversion:  export credit claims (I),634,,,,Annulation/conversion de la dette : créance de crédit à l'exportation (I),634,
,Debt forgiveness:  export credit claims (DSR),635,,,,Annulation de la dette : créance de crédit à l'exportation (DSR),635,
,Debt rescheduling:  export credit claims (P),636,,,,Rééchelonnement de la dette : créance de crédit à  l'exportation (P),636,
,Debt rescheduling:  export credit claims (I),637,,,,Rééchelonnement de la dette : créance de crédit à  l'exportation (I),637,
,Debt rescheduling:  export credit claims (DSR),638,,,,Rééchelonnement de la dette : créance de crédit à  l'exportation (DSR),638,
,Debt rescheduling:  export credit claim (DSR – original loan principal),639,,,,Rééchelonnement de la dette : créance de crédit à  l'exportation (DSR - principal du prêt originel),639,
1000,GUARANTEES AND OTHER UNFUNDED CONTINGENT LIABILITIES,,,,1000,GARANTIES ET AUTRES ENGAGEMENTS CONDITIONNELS NON PROVISIONNÉS ,,
,Guarantees/insurance ,1100,,,,Garanties/assurances,1100,
,Individual loan guarantee,1101,A guarantee on an individual standard loan,,,Garantie individuelle accordée prêt par prêt,1101,Une garantie sur un prêt individuel standard
,Loan portfolio guarantee,1102,"A guarantee covering a portfolio of standard loans administered by financial intermediaries, such as banks, microfinance institutions or collective investment vehicles.",,,Garantie de portefeuille de prêts,1102,"Une garantie couvrant un portefeuille de prêts standards administrés par des intermédiaires financiers, tels que des banques, des institutions de microfinance ou des véhicules de placement collectif."
,Individual mezzanine finance guarantee,1103,A guarantee on an individual mezzanine finance investment (subordinated loans or preferred equities). ,,,Garantie individuelle pour le financement mezzanine,1103,Une garantie sur un investissement individuel en financement mezzanine (prêts subordonnés ou actions privilégiées).
,Mezzanine finance portfolio guarantee,1104,"A guarantee covering a portfolio of mezzanine finance investments (subordinated loans or preferred equities) administered by financial intermediaries, such as banks, microfinance institutions or collective investment vehicles.",,,Garantie de portefeuille des instruments mezzanine,1104,"Une garantie couvrant un portefeuille d'investissements en financement mezzanine (prêts subordonnés ou actions privilégiées) administré par des intermédiaires financiers, tels que des banques, des institutions de microfinance ou des véhicules de placement collectif."
,Individual equity finance guarantee,1105,A guarantee covering an equity investment.,,,Garantie individuelle pour le financement en fonds propres,1105,Une garantie couvrant un investissement en actions.
,Equity portfolio guarantee,1106,"A guarantee covering a portfolio of equity investments administered by financial intermediaries, such as banks, microfinance institutions or collective investment vehicles.",,,Garantie de portefeuille d'actions ,1106,"Garantie couvrant un portefeuille de participations administré par des intermédiaires financiers, tels que des banques, des institutions de microfinance ou des organismes de placement collectif."
,First-loss guarantee,1107,"A guarantee specifically designed to absorb the very first loss on one or more investments, such as in the context of collective investment vehicles. Please use other codes for guarantees that are not specifically designed to absorb the very first loss.",,,Garantie des premières pertes,1107,"Une garantie spécifiquement conçue pour absorber la toute première perte sur un ou plusieurs investissements, comme dans le cadre de véhicules de placement collectif. Veuillez utiliser d'autres codes pour les garanties qui ne sont pas spécifiquement conçues pour absorber la toute première perte."
,Other guarantees,1108,"Other guarantees, such as volume guarantees, payment guarantees etc.",,,Autres garanties,1108,"Autres garanties, telles que garanties de volume, garanties de paiement, etc."
,,,,,,,,
,,,,,,,,
,,,,,,,,
,,,,,,,,
,,,,,,,,
,,,,,,,,
,,,,,,,,
,,,,,,,,
,,,,,,,,
,,,,,,,,
,,,,,,,,
,,,,,,,,
,,,,,,,,
,,,,,,,,
,,,,,,,,
,,,,,,,,
,,,,,,,,
,,,,,,,,
,,,,,,,,
,,,,,,,,
,,,,,,,,
,,,,,,,,
,,,,,,,,
,,,,,,,,
,,,,,,,,
,,,,,,,,
,,,,,,,,
,,,,,,,,
,,,,,,,,
,,,,,,,,
,,,,,,,,
,,,,,,,,
,,,,,,,,
